,precision,recall,f1-score,support
False,1.0,0.7710031903580291,0.8706965572457966,2821.0
True,0.0,1.0,0.0,0.0
accuracy,0.7710031903580291,0.7710031903580291,0.7710031903580291,0.7710031903580291
macro avg,0.5,0.8855015951790146,0.4353482786228983,2821.0
weighted avg,1.0,0.7710031903580291,0.8706965572457966,2821.0
