,precision,recall,f1-score,support
False,0.4232209737827715,1.0,0.5947368421052631,113.0
True,1.0,0.7824858757062146,0.8779714738510301,708.0
accuracy,0.8124238733252132,0.8124238733252132,0.8124238733252132,0.8124238733252132
macro avg,0.7116104868913857,0.8912429378531073,0.7363541579781466,821.0
weighted avg,0.9206138490102962,0.8124238733252132,0.8389879009067285,821.0
