,precision,recall,f1-score,support
False,0.0,1.0,0.0,0.0
True,1.0,0.24407463439233484,0.3923794081880827,3966.0
accuracy,0.24407463439233484,0.24407463439233484,0.24407463439233484,0.24407463439233484
macro avg,0.5,0.6220373171961674,0.19618970409404135,3966.0
weighted avg,1.0,0.24407463439233484,0.3923794081880827,3966.0
