,precision,recall,f1-score,support
False,0.34408602150537637,1.0,0.512,320.0
True,1.0,0.26417370325693607,0.4179389312977099,829.0
accuracy,0.4691035683202785,0.4691035683202785,0.4691035683202785,0.4691035683202785
macro avg,0.6720430107526882,0.632086851628468,0.464969465648855,1149.0
weighted avg,0.8173259589919238,0.4691035683202785,0.4441352254532651,1149.0
