,precision,recall,f1-score,support
False,0.7585551330798479,0.9803439803439803,0.8553054662379422,407.0
True,0.9938461538461538,0.9105003523608175,0.9503493931592497,1419.0
accuracy,0.9260679079956189,0.9260679079956189,0.9260679079956189,0.9260679079956189
macro avg,0.8762006434630009,0.945422166352399,0.902827429698596,1826.0
weighted avg,0.941401769699447,0.9260679079956189,0.9291649034237776,1826.0
