,precision,recall,f1-score,support
False,0.2817955112219451,1.0,0.43968871595330744,113.0
True,1.0,0.5932203389830508,0.7446808510638298,708.0
accuracy,0.6492082825822169,0.6492082825822169,0.6492082825822169,0.6492082825822169
macro avg,0.6408977556109725,0.7966101694915254,0.5921847835085686,821.0
weighted avg,0.9011484686578316,0.6492082825822169,0.7027026400193852,821.0
