,precision,recall,f1-score,support
False,0.33052039381153303,0.4501915708812261,0.381184103811841,522.0
True,0.7980295566502463,0.7043478260869566,0.7482678983833718,1610.0
accuracy,0.6421200750469043,0.6421200750469043,0.6421200750469043,0.6421200750469043
macro avg,0.5642749752308897,0.5772696984840913,0.5647260010976064,2132.0
weighted avg,0.6835643676250078,0.6421200750469043,0.6583909092809613,2132.0
