,precision,recall,f1-score,support
False,0.0,0.0,0.0,320.0
True,0.7088262056414922,0.9396863691194209,0.8080912863070538,829.0
accuracy,0.6779808529155787,0.6779808529155787,0.6779808529155787,0.6779808529155787
macro avg,0.3544131028207461,0.46984318455971047,0.4040456431535269,1149.0
weighted avg,0.5114159481956458,0.6779808529155787,0.5830354015217994,1149.0
