,precision,recall,f1-score,support
False,0.0,0.0,0.0,194.0
True,0.9213300892133008,0.9844020797227037,0.9518223711772099,2308.0
accuracy,0.9080735411670664,0.9080735411670664,0.9080735411670664,0.9080735411670664
macro avg,0.4606650446066504,0.49220103986135183,0.47591118558860496,2502.0
weighted avg,0.8498920247419258,0.9080735411670664,0.8780199970731417,2502.0
