,precision,recall,f1-score,support
False,0.2218798151001541,0.3123644251626898,0.2594594594594594,461.0
True,0.6718426501035196,0.5623916811091855,0.6122641509433963,1154.0
accuracy,0.49102167182662537,0.49102167182662537,0.49102167182662537,0.49102167182662537
macro avg,0.44686123260183686,0.43737805313593764,0.4358618052014278,1615.0
weighted avg,0.5434012464276363,0.49102167182662537,0.5115564340554118,1615.0
