,precision,recall,f1-score,support
False,0.15618141916605707,1.0,0.2701676684593483,427.0
True,1.0,0.3483050847457627,0.5166561910747958,3540.0
accuracy,0.41845223090496597,0.41845223090496597,0.41845223090496597,0.41845223090496597
macro avg,0.5780907095830286,0.6741525423728814,0.39341192976707207,3967.0
weighted avg,0.9091730441098831,0.41845223090496597,0.49012465612223816,3967.0
