,precision,recall,f1-score,support
False,0.34382566585956414,0.741514360313316,0.4698097601323408,383.0
True,0.9475079533404029,0.7672820953198798,0.8479240806642943,2329.0
accuracy,0.7636430678466076,0.7636430678466076,0.7636430678466076,0.7636430678466076
macro avg,0.6456668095999836,0.7543982278165979,0.6588669203983175,2712.0
weighted avg,0.8622534120036915,0.7636430678466076,0.7945251924770752,2712.0
