,precision,recall,f1-score,support
False,0.03986908658137459,1.0,0.07668097281831188,134.0
True,1.0,0.2607101947308133,0.413592585862257,4365.0
accuracy,0.2827294954434319,0.2827294954434319,0.2827294954434319,0.2827294954434319
macro avg,0.5199345432906873,0.6303550973654066,0.24513677934028444,4499.0
weighted avg,0.971403080151568,0.2827294954434319,0.40355787678293076,4499.0
