,precision,recall,f1-score,support
False,0.27641509433962264,0.5613026819923371,0.37041719342604296,522.0
True,0.7863805970149254,0.5236024844720497,0.6286353467561522,1610.0
accuracy,0.5328330206378987,0.5328330206378987,0.5328330206378987,0.5328330206378987
macro avg,0.531397845677274,0.5424525832321934,0.49952627009109757,2132.0
weighted avg,0.6615203754405783,0.5328330206378987,0.5654130784454969,2132.0
