,precision,recall,f1-score,support
False,0.2059145673603505,0.6064516129032258,0.30744071954210955,310.0
True,0.8016260162601626,0.40476190476190477,0.5379159847244954,1218.0
accuracy,0.4456806282722513,0.4456806282722513,0.4456806282722513,0.4456806282722513
macro avg,0.5037702918102566,0.5056067588325652,0.4226783521333025,1528.0
weighted avg,0.6807683270200174,0.4456806282722513,0.4911572594584354,1528.0
