,precision,recall,f1-score,support
False,0.6731793960923623,0.7534791252485089,0.7110694183864916,503.0
True,0.5694444444444444,0.47126436781609193,0.5157232704402515,348.0
accuracy,0.6380728554641598,0.6380728554641598,0.6380728554641598,0.6380728554641598
macro avg,0.6213119202684034,0.6123717465323004,0.6133963444133715,851.0
weighted avg,0.6307589928332843,0.6380728554641598,0.6311863872639398,851.0
