,precision,recall,f1-score,support
False,1.0,0.8808322824716267,0.9366409654710023,1586.0
True,0.0,0.0,0.0,0.0
accuracy,0.8808322824716267,0.8808322824716267,0.8808322824716267,0.8808322824716267
macro avg,0.5,0.44041614123581335,0.46832048273550114,1586.0
weighted avg,1.0,0.8808322824716267,0.9366409654710022,1586.0
