,precision,recall,f1-score,support
False,0.0,0.0,0.0,407.0
True,0.7525835866261398,0.8724453840732911,0.8080939947780679,1419.0
accuracy,0.6779846659364732,0.6779846659364732,0.6779846659364732,0.6779846659364732
macro avg,0.3762917933130699,0.43622269203664554,0.40404699738903394,1826.0
weighted avg,0.5848390522576629,0.6779846659364732,0.6279766585925949,1826.0
