,precision,recall,f1-score,support
False,0.0,0.0,0.0,0.0
True,1.0,0.2586989409984871,0.4110576923076923,3966.0
accuracy,0.2586989409984871,0.2586989409984871,0.2586989409984871,0.2586989409984871
macro avg,0.5,0.12934947049924356,0.20552884615384615,3966.0
weighted avg,1.0,0.2586989409984871,0.4110576923076923,3966.0
