,precision,recall,f1-score,support
False,0.1411530815109344,0.10741301059001512,0.12199312714776632,661.0
True,0.7106424717999019,0.7703349282296651,0.7392857142857143,1881.0
accuracy,0.5979543666404405,0.5979543666404405,0.5979543666404405,0.5979543666404405
macro avg,0.42589777665541817,0.43887396940984014,0.43063942071674033,2542.0
weighted avg,0.5625573077633136,0.5979543666404405,0.5787702146404807,2542.0
