,precision,recall,f1-score,support
False,0.4796839729119639,0.6746031746031746,0.5606860158311345,630.0
True,0.5591397849462365,0.3606102635228849,0.4384485666104553,721.0
accuracy,0.5070318282753515,0.5070318282753515,0.5070318282753515,0.5070318282753515
macro avg,0.5194118789291002,0.5176067190630298,0.4995672912207949,1351.0
weighted avg,0.5220878518732597,0.5070318282753515,0.49545048593616065,1351.0
