,precision,recall,f1-score,support
False,0.18085106382978725,0.8877284595300261,0.30048608042421565,383.0
True,0.9483173076923077,0.33877200515242595,0.49920911104080995,2329.0
accuracy,0.41629793510324486,0.41629793510324486,0.41629793510324486,0.41629793510324486
macro avg,0.5645841857610475,0.613250232341226,0.39984759573251283,2712.0
weighted avg,0.8399325099786848,0.41629793510324486,0.4711446122479797,2712.0
