,precision,recall,f1-score,support
False,0.020435967302452316,0.375,0.03875968992248062,40.0
True,0.9812171299774606,0.6449382716049382,0.7783075089392134,2025.0
accuracy,0.6397094430992736,0.6397094430992736,0.6397094430992736,0.6397094430992736
macro avg,0.5008265486399565,0.5099691358024692,0.408533599430847,2065.0
weighted avg,0.9626063568505838,0.6397094430992736,0.7639821274570491,2065.0
