,precision,recall,f1-score,support
False,0.22943722943722944,0.4598698481561822,0.3061371841155235,461.0
True,0.6396526772793053,0.3830155979202773,0.47913279132791325,1154.0
accuracy,0.40495356037151703,0.40495356037151703,0.40495356037151703,0.40495356037151703
macro avg,0.43454495335826737,0.4214427230382297,0.39263498772171834,1615.0
weighted avg,0.5225571221986879,0.40495356037151703,0.4297513827056769,1615.0
