,precision,recall,f1-score
mean_true_class,0.8138560227290567,0.3124223955503741,0.39028851967745876
mean_false_class,0.22674707184254494,0.6240423279205046,0.27811156639752044
mean_weighted,0.7919440758032009,0.41118422574619157,0.4347055886131243
