,precision,recall,f1-score,support
False,0.0896551724137931,0.978494623655914,0.16425992779783394,93.0
True,0.988950276243094,0.16228467815049863,0.27881619937694696,1103.0
accuracy,0.225752508361204,0.225752508361204,0.225752508361204,0.225752508361204
macro avg,0.5393027243284435,0.5703896509032063,0.22153806358739045,1196.0
weighted avg,0.9190218108115514,0.225752508361204,0.26990839565047753,1196.0
