,precision,recall,f1-score,support
False,0.7364341085271318,0.23573200992555832,0.3571428571428571,403.0
True,0.08333333333333333,0.45161290322580644,0.1407035175879397,62.0
accuracy,0.2645161290322581,0.2645161290322581,0.2645161290322581,0.2645161290322581
macro avg,0.40988372093023256,0.34367245657568235,0.2489231873653984,465.0
weighted avg,0.6493540051679587,0.2645161290322581,0.32828427853553477,465.0
