,precision,recall,f1-score,support
False,0.037292025243832475,0.9701492537313433,0.0718232044198895,134.0
True,0.9960513326752222,0.2311569301260023,0.3752324284120491,4365.0
accuracy,0.25316737052678373,0.25316737052678373,0.25316737052678373,0.25316737052678373
macro avg,0.5166716789595274,0.6006530919286728,0.2235278164159693,4499.0
weighted avg,0.9674952652834004,0.25316737052678373,0.3661955677730295,4499.0
