,precision,recall,f1-score,support
False,0.2812365822241305,0.5796460176991151,0.3787221740387395,1130.0
True,0.5998315080033698,0.29840737636211234,0.3985446403582424,2386.0
accuracy,0.38879408418657563,0.38879408418657563,0.38879408418657563,0.38879408418657563
macro avg,0.44053404511375016,0.4390266970306137,0.38863340719849093,3516.0
weighted avg,0.497438940844513,0.38879408418657563,0.39217393872541007,3516.0
