,precision,recall,f1-score,support
False,0.039908779931584946,0.7777777777777778,0.07592190889370933,45.0
True,0.8461538461538461,0.06131549609810479,0.11434511434511434,897.0
accuracy,0.09554140127388536,0.09554140127388536,0.09554140127388536,0.09554140127388536
macro avg,0.44303131304271554,0.4195466369379413,0.09513351161941183,942.0
weighted avg,0.8076389544553305,0.09554140127388536,0.11250961089998354,942.0
