,precision,recall,f1-score,support
False,0.35852981969486825,0.9904214559386973,0.5264765784114054,522.0
True,0.9927536231884058,0.4254658385093168,0.5956521739130435,1610.0
accuracy,0.5637898686679175,0.5637898686679175,0.5637898686679175,0.5637898686679175
macro avg,0.675641721441637,0.707943647224007,0.5610643761622245,2132.0
weighted avg,0.8374699339653163,0.5637898686679175,0.5787151847705223,2132.0
