,precision,recall,f1-score,support
False,0.3121165644171779,1.0,0.4757451782583284,407.0
True,1.0,0.3678646934460888,0.5378670788253478,1419.0
accuracy,0.5087623220153341,0.5087623220153341,0.5087623220153341,0.5087623220153341
macro avg,0.656058282208589,0.6839323467230444,0.5068061285418382,1826.0
weighted avg,0.8466765836351542,0.5087623220153341,0.5240206311086025,1826.0
