,precision,recall,f1-score,support
False,0.292177191328935,1.0,0.45222465353756386,310.0
True,1.0,0.38341543513957305,0.5543026706231453,1218.0
accuracy,0.5085078534031413,0.5085078534031413,0.5085078534031413,0.5085078534031413
macro avg,0.6460885956644675,0.6917077175697866,0.5032636620803546,1528.0
weighted avg,0.8563972050471006,0.5085078534031413,0.533593125272013,1528.0
