,precision,recall,f1-score,support
False,0.2955128205128205,1.0,0.4562097971301336,461.0
True,1.0,0.047660311958405546,0.09098428453267163,1154.0
accuracy,0.3195046439628483,0.3195046439628483,0.3195046439628483,0.3195046439628483
macro avg,0.6477564102564103,0.5238301559792028,0.2735970408314026,1615.0
weighted avg,0.7989048979915854,0.3195046439628483,0.19523751134841774,1615.0
