,precision,recall,f1-score,support
False,0.009615384615384616,0.005305039787798408,0.006837606837606838,377.0
True,0.6618575293056808,0.7808510638297872,0.716447047340166,940.0
accuracy,0.5588458618071375,0.5588458618071375,0.5588458618071375,0.5588458618071375
macro avg,0.33573645696053267,0.3930780518087928,0.3616423270888864,1317.0
weighted avg,0.47514888196457095,0.5588458618071375,0.5133166304309292,1317.0
