,precision,recall,f1-score,support
False,0.0,0.0,0.0,1696.0
True,0.27428326914848095,0.9697428139183056,0.42761841227484987,661.0
accuracy,0.27195587611370386,0.27195587611370386,0.27195587611370386,0.27195587611370386
macro avg,0.13714163457424047,0.4848714069591528,0.21380920613742493,2357.0
weighted avg,0.07692033979938308,0.27195587611370386,0.11992183729897146,2357.0
