,precision,recall,f1-score,support
False,0.274859287054409,0.5613026819923371,0.3690176322418136,522.0
True,0.7851782363977486,0.5198757763975155,0.6255605381165918,1610.0
accuracy,0.5300187617260788,0.5300187617260788,0.5300187617260788,0.5300187617260788
macro avg,0.5300187617260788,0.5405892291949264,0.49728908517920273,2132.0
weighted avg,0.6602314767555237,0.5300187617260788,0.5627484382729547,2132.0
