,precision,recall,f1-score,support
False,0.026917900403768506,1.0,0.05242463958060288,40.0
True,1.0,0.2859259259259259,0.44470046082949305,2025.0
accuracy,0.2997578692493947,0.2997578692493947,0.2997578692493947,0.2997578692493947
macro avg,0.5134589502018843,0.642962962962963,0.24856255020504797,2065.0
weighted avg,0.9811509520659326,0.2997578692493947,0.4371018977060278,2065.0
