,precision,recall,f1-score,support
False,0.0,0.0,0.0,320.0
True,0.6875,0.8492159227985525,0.7598488936859148,829.0
accuracy,0.6127067014795474,0.6127067014795474,0.6127067014795474,0.6127067014795474
macro avg,0.34375,0.42460796139927626,0.3799244468429574,1149.0
weighted avg,0.49602915578764145,0.6127067014795474,0.5482286621981056,1149.0
