,precision,recall,f1-score,support
False,0.40060606060606063,1.0,0.5720467330160104,661.0
True,1.0,0.47421584263689526,0.6433465560764515,1881.0
accuracy,0.6109362706530291,0.6109362706530291,0.6109362706530291,0.6109362706530291
macro avg,0.7003030303030303,0.7371079213184476,0.607696644546231,2542.0
weighted avg,0.8441387120616075,0.6109362706530291,0.6248063581838662,2542.0
