,precision,recall,f1-score,support
False,0.5619389587073609,0.9936507936507937,0.7178899082568808,630.0
True,0.9831223628691983,0.3231622746185853,0.4864300626304802,721.0
accuracy,0.6358253145817913,0.6358253145817913,0.6358253145817913,0.6358253145817913
macro avg,0.7725306607882796,0.6584065341346895,0.6021599854436805,1351.0
weighted avg,0.7867155940890669,0.6358253145817913,0.5943647056686981,1351.0
