,precision,recall,f1-score,support
False,0.0,0.0,0.0,194.0
True,0.9188624006691761,0.9519064124783362,0.9350925728878485,2308.0
accuracy,0.8780975219824141,0.8780975219824141,0.8780975219824141,0.8780975219824141
macro avg,0.45943120033458806,0.4759532062391681,0.46754628644392426,2502.0
weighted avg,0.8476156757571777,0.8780975219824141,0.8625873933753614,2502.0
