,precision,recall,f1-score,support
False,0.12615017208681603,0.5223967422920303,0.20322489391796322,3438.0
True,0.7441171887174692,0.2773582713754647,0.4040959675030678,17216.0
accuracy,0.318146605984313,0.318146605984313,0.318146605984313,0.318146605984313
macro avg,0.4351336804021426,0.39987750683374745,0.3036604307105155,20654.0
weighted avg,0.6412523391398482,0.318146605984313,0.37065959919738417,20654.0
