,precision,recall,f1-score,support
False,0.3203125,0.8817204301075269,0.46991404011461313,93.0
True,0.9882978723404255,0.8422484134179511,0.9094468918257466,1103.0
accuracy,0.8453177257525084,0.8453177257525084,0.8453177257525084,0.8453177257525084
macro avg,0.6543051861702127,0.861984421762739,0.6896804659701798,1196.0
weighted avg,0.9363558659627836,0.8453177257525084,0.8752691700789778,1196.0
