,precision,recall,f1-score,support
False,0.825944170771757,1.0,0.9046762589928058,503.0
True,1.0,0.6954022988505747,0.8203389830508475,348.0
accuracy,0.8754406580493537,0.8754406580493537,0.8754406580493537,0.8754406580493537
macro avg,0.9129720853858785,0.8477011494252873,0.8625076210218267,851.0
weighted avg,0.8971209376006977,0.8754406580493537,0.8701881602527336,851.0
