,precision,recall,f1-score,support
False,0.6609808102345416,1.0,0.7958921694480102,310.0
True,1.0,0.8694581280788177,0.930171277997365,1218.0
accuracy,0.8959424083769634,0.8959424083769634,0.8959424083769634,0.8959424083769634
macro avg,0.8304904051172708,0.9347290640394088,0.8630317237226877,1528.0
weighted avg,0.9312199287779501,0.8959424083769634,0.9029287886974304,1528.0
