,precision,recall,f1-score,support
False,0.12770236299648063,1.0,0.22648238965670975,254.0
True,1.0,0.4872931442080378,0.6552751837870058,3384.0
accuracy,0.523089609675646,0.523089609675646,0.523089609675646,0.523089609675646
macro avg,0.5638511814982403,0.7436465721040189,0.44087878672185776,3638.0
weighted avg,0.9390974162180061,0.523089609675646,0.625337479084121,3638.0
