,precision,recall,f1-score,support
False,0.282712511938873,0.7728459530026109,0.413986013986014,383.0
True,0.9477477477477477,0.6775440103048519,0.7901852779168754,2329.0
accuracy,0.6910029498525073,0.6910029498525073,0.6910029498525073,0.6910029498525073
macro avg,0.6152301298433104,0.7251949816537314,0.6020856459514448,2712.0
weighted avg,0.8538286860535004,0.6910029498525073,0.7370568420446335,2712.0
