,precision,recall,f1-score,support
False,0.0,1.0,0.0,0.0
True,1.0,0.19663953793646627,0.3286529179464678,3809.0
accuracy,0.19663953793646627,0.19663953793646627,0.19663953793646627,0.19663953793646627
macro avg,0.5,0.5983197689682331,0.1643264589732339,3809.0
weighted avg,1.0,0.19663953793646627,0.3286529179464678,3809.0
