,precision,recall,f1-score,support
False,0.13868139006170835,1.0,0.24358243011979464,427.0
True,1.0,0.25084745762711863,0.40108401084010836,3540.0
accuracy,0.3314847491807411,0.3314847491807411,0.3314847491807411,0.3314847491807411
macro avg,0.5693406950308542,0.6254237288135593,0.3223332204799515,3967.0
weighted avg,0.9072893757389335,0.3314847491807411,0.38413085355057625,3967.0
