,precision,recall,f1-score,support
False,0.0,1.0,0.0,0.0
True,1.0,0.5814422592032275,0.7353316326530613,3966.0
accuracy,0.5814422592032275,0.5814422592032275,0.5814422592032275,0.5814422592032275
macro avg,0.5,0.7907211296016137,0.36766581632653067,3966.0
weighted avg,1.0,0.5814422592032275,0.7353316326530613,3966.0
