,precision,recall,f1-score,support
False,0.13126344912388566,1.0,0.23206521739130434,427.0
True,1.0,0.2016949152542373,0.3356840620592384,3540.0
accuracy,0.2876228888328712,0.2876228888328712,0.2876228888328712,0.2876228888328712
macro avg,0.5656317245619429,0.6008474576271187,0.2838746397252714,3967.0
weighted avg,0.906490923311293,0.2876228888328712,0.32453073544638034,3967.0
