,precision,recall,f1-score,support
False,1.0,0.9578163771712159,0.9784537389100127,2821.0
True,0.0,1.0,0.0,0.0
accuracy,0.9578163771712159,0.9578163771712159,0.9578163771712159,0.9578163771712159
macro avg,0.5,0.9789081885856079,0.4892268694550064,2821.0
weighted avg,1.0,0.9578163771712159,0.9784537389100126,2821.0
