,precision,recall,f1-score,support
False,0.29135338345864664,1.0,0.45123726346433773,310.0
True,1.0,0.38095238095238093,0.5517241379310345,1218.0
accuracy,0.506544502617801,0.506544502617801,0.506544502617801,0.506544502617801
macro avg,0.6456766917293233,0.6904761904761905,0.5014807006976861,1528.0
weighted avg,0.8562300712514269,0.506544502617801,0.5313374029279743,1528.0
