,precision,recall,f1-score,support
False,0.3074107959743824,0.6436781609195402,0.4160990712074303,522.0
True,0.8209817131857555,0.5298136645962733,0.6440166100415251,1610.0
accuracy,0.5576923076923077,0.5576923076923077,0.5576923076923077,0.5576923076923077
macro avg,0.564196254580069,0.5867459127579068,0.5300578406244777,2132.0
weighted avg,0.6952387400223706,0.5576923076923077,0.5882131601018452,2132.0
