,precision,recall,f1-score,support
False,0.10873287671232877,1.0,0.19613899613899613,254.0
True,1.0,0.38475177304964536,0.5556978233034571,3384.0
accuracy,0.4277075316107751,0.4277075316107751,0.4277075316107751,0.4277075316107751
macro avg,0.5543664383561644,0.6923758865248226,0.3759184097212266,3638.0
weighted avg,0.9377729935912401,0.4277075316107751,0.5305939359753171,3638.0
