,precision,recall,f1-score,support
False,0.027192386131883073,1.0,0.05294506949040371,40.0
True,1.0,0.29333333333333333,0.45360824742268036,2025.0
accuracy,0.30702179176755445,0.30702179176755445,0.30702179176755445,0.30702179176755445
macro avg,0.5135961930659415,0.6466666666666667,0.253276658456542,2065.0
weighted avg,0.9811562689807629,0.30702179176755445,0.4458472173416677,2065.0
