,precision,recall,f1-score,support
False,0.0,1.0,0.0,0.0
True,1.0,0.13363590519415028,0.23576512455516016,3966.0
accuracy,0.13363590519415028,0.13363590519415028,0.13363590519415028,0.13363590519415028
macro avg,0.5,0.5668179525970751,0.11788256227758008,3966.0
weighted avg,1.0,0.13363590519415028,0.23576512455516016,3966.0
