,precision,recall,f1-score,support
False,0.0,0.0,0.0,320.0
True,0.696969696969697,0.887816646562123,0.7809018567639257,829.0
accuracy,0.6405570060922542,0.6405570060922542,0.6405570060922542,0.6405570060922542
macro avg,0.3484848484848485,0.4439083232810615,0.3904509283819628,1149.0
weighted avg,0.5028615133053776,0.6405570060922542,0.5634183109288898,1149.0
