,precision,recall,f1-score,support
False,0.5779645191409897,0.9825396825396825,0.7278071722516167,630.0
True,0.9607142857142857,0.37309292649098474,0.5374625374625375,721.0
accuracy,0.6572908956328646,0.6572908956328646,0.6572908956328646,0.6572908956328646
macro avg,0.7693394024276377,0.6778163045153336,0.632634854857077,1351.0
weighted avg,0.7822299386075674,0.6572908956328646,0.6262242842553724,1351.0
