,precision,recall,f1-score,support
False,0.0,1.0,0.0,0.0
True,1.0,0.2470464688894723,0.39621052631578946,3809.0
accuracy,0.2470464688894723,0.2470464688894723,0.2470464688894723,0.2470464688894723
macro avg,0.5,0.6235232344447361,0.19810526315789473,3809.0
weighted avg,1.0,0.2470464688894723,0.39621052631578946,3809.0
