,precision,recall,f1-score,support
False,0.12692832029848605,0.514543339150669,0.20362589928057556,3438.0
True,0.7515259788596099,0.29321561338289964,0.42184431538043704,17216.0
accuracy,0.3300571317904522,0.3300571317904522,0.3300571317904522,0.3300571317904522
macro avg,0.43922714957904796,0.40387947626678433,0.3127351073305063,20654.0
weighted avg,0.6475574134421052,0.3300571317904522,0.38552036289901337,20654.0
