,precision,recall,f1-score,support
False,0.32252027448534,0.9904214559386973,0.48658823529411765,522.0
True,0.9905482041587902,0.32546583850931676,0.4899485741000468,1610.0
accuracy,0.48827392120075047,0.48827392120075047,0.48827392120075047,0.48827392120075047
macro avg,0.6565342393220651,0.657943647224007,0.4882684046970822,2132.0
weighted avg,0.8269878949235459,0.48827392120075047,0.48912582698152196,2132.0
