,precision,recall,f1-score,support
False,0.49743589743589745,1.0,0.6643835616438356,194.0
True,1.0,0.9150779896013865,0.9556561085972851,2308.0
accuracy,0.9216626698641087,0.9216626698641087,0.9216626698641087,0.9216626698641087
macro avg,0.7487179487179487,0.9575389948006933,0.8100198351205603,2502.0
weighted avg,0.9610321998811208,0.9216626698641087,0.9330714266992157,2502.0
