,precision,recall,f1-score,support
False,0.5304721030042918,0.9809523809523809,0.6885793871866294,630.0
True,0.9354838709677419,0.24133148404993066,0.3836824696802646,721.0
accuracy,0.5862324204293117,0.5862324204293117,0.5862324204293117,0.5862324204293117
macro avg,0.7329779869860169,0.6111419325011558,0.536130928433447,1351.0
weighted avg,0.7466182796894492,0.5862324204293117,0.5258623793982585,1351.0
