,precision,recall,f1-score,support
False,0.34826132771338253,1.0,0.5166080500195389,661.0
True,1.0,0.3423710792131845,0.5100990099009901,1881.0
accuracy,0.5133752950432731,0.5133752950432731,0.5133752950432731,0.5133752950432731
macro avg,0.6741306638566913,0.6711855396065922,0.5133535299602645,2542.0
weighted avg,0.8305274341536372,0.5133752950432731,0.5117915651796529,2542.0
