,precision,recall,f1-score,support
False,0.20847735128251774,1.0,0.3450248381755231,3438.0
True,1.0,0.2418099442379182,0.38944758875532065,17216.0
accuracy,0.3680158807010748,0.3680158807010748,0.3680158807010748,0.3680158807010748
macro avg,0.6042386756412589,0.6209049721189591,0.3672362134654219,20654.0
weighted avg,0.8682456247559455,0.3680158807010748,0.3820531171520794,20654.0
