,precision,recall,f1-score,support
False,0.0,1.0,0.0,0.0
True,1.0,0.0175899186138094,0.03457172342621259,3809.0
accuracy,0.0175899186138094,0.0175899186138094,0.0175899186138094,0.0175899186138094
macro avg,0.5,0.5087949593069047,0.017285861713106296,3809.0
weighted avg,1.0,0.0175899186138094,0.03457172342621259,3809.0
