,precision,recall,f1-score,support
False,0.12034949267192785,1.0,0.2148427672955975,427.0
True,1.0,0.11836158192090396,0.2116696135387724,3540.0
accuracy,0.21325938996722965,0.21325938996722965,0.21325938996722965,0.21325938996722965
macro avg,0.5601747463359639,0.559180790960452,0.21325619041718497,3967.0
weighted avg,0.9053161667181531,0.21325938996722965,0.21201116550604346,3967.0
