,precision,recall,f1-score,support
False,1.0,0.9606522509748316,0.9799312963297776,2821.0
True,0.0,1.0,0.0,0.0
accuracy,0.9606522509748316,0.9606522509748316,0.9606522509748316,0.9606522509748316
macro avg,0.5,0.9803261254874158,0.4899656481648888,2821.0
weighted avg,1.0,0.9606522509748316,0.9799312963297776,2821.0
