,precision,recall,f1-score,support
False,0.08823529411764706,1.0,0.1621621621621622,93.0
True,1.0,0.128739800543971,0.2281124497991968,1103.0
accuracy,0.19648829431438128,0.19648829431438128,0.19648829431438128,0.19648829431438128
macro avg,0.5441176470588235,0.5643699002719855,0.1951373059806795,1196.0
weighted avg,0.9291019083218572,0.19648829431438128,0.2229842083692267,1196.0
