,precision,recall,f1-score,support
False,0.23203592814371257,1.0,0.37667071688942894,310.0
True,1.0,0.15763546798029557,0.2723404255319149,1218.0
accuracy,0.3285340314136126,0.3285340314136126,0.3285340314136126,0.3285340314136126
macro avg,0.6160179640718563,0.5788177339901478,0.3245055712106719,1528.0
weighted avg,0.8441957707621406,0.3285340314136126,0.29350691134397594,1528.0
