,precision,recall,f1-score,support
False,0.1722560975609756,1.0,0.29388816644993493,113.0
True,1.0,0.2330508474576271,0.37800687285223367,708.0
accuracy,0.3386114494518879,0.3386114494518879,0.3386114494518879,0.3386114494518879
macro avg,0.5861280487804879,0.6165254237288136,0.33594751965108427,821.0
weighted avg,0.8860717893110721,0.3386114494518879,0.36642902410258715,821.0
