,precision,recall,f1-score,support
False,0.0,1.0,0.0,0.0
True,1.0,0.03983862834089763,0.07662463627546072,3966.0
accuracy,0.03983862834089763,0.03983862834089763,0.03983862834089763,0.03983862834089763
macro avg,0.5,0.5199193141704488,0.03831231813773036,3966.0
weighted avg,1.0,0.03983862834089763,0.07662463627546072,3966.0
