,precision,recall,f1-score,support
False,0.16374519025224454,1.0,0.28141072740631884,383.0
True,1.0,0.1601545727780163,0.2760917838638046,2329.0
accuracy,0.27876106194690264,0.27876106194690264,0.27876106194690264,0.27876106194690264
macro avg,0.5818725951261223,0.5800772863890081,0.27875125563506176,2712.0
weighted avg,0.8819005928711687,0.27876106194690264,0.27684294735081894,2712.0
