,precision,recall,f1-score,support
False,0.5151267375306623,1.0,0.6799784133837021,630.0
True,1.0,0.17753120665742025,0.3015312131919906,721.0
accuracy,0.5610658771280533,0.5610658771280533,0.5610658771280533,0.5610658771280533
macro avg,0.7575633687653311,0.5887656033287101,0.49075481328784637,1351.0
weighted avg,0.7738932972940912,0.5610658771280533,0.4780091821933069,1351.0
