,precision,recall,f1-score,support
False,0.2965455361148497,1.0,0.45743944636678197,661.0
True,1.0,0.16640085061137694,0.2853236098450319,1881.0
accuracy,0.3831628638867034,0.3831628638867034,0.3831628638867034,0.3831628638867034
macro avg,0.6482727680574248,0.5832004253056885,0.37138152810590697,2542.0
weighted avg,0.8170797007757339,0.3831628638867034,0.33007914404679306,2542.0
