,precision,recall,f1-score,support
False,0.023823704586063133,1.0,0.04653868528214078,40.0
True,1.0,0.19061728395061728,0.3201990875155537,2025.0
accuracy,0.2062953995157385,0.2062953995157385,0.2062953995157385,0.2062953995157385
macro avg,0.5119118522930316,0.5953086419753086,0.18336888639884724,2065.0
weighted avg,0.9810910160694637,0.2062953995157385,0.3148981596272552,2065.0
