,precision,recall,f1-score,support
False,0.0481283422459893,1.0,0.09183673469387756,45.0
True,1.0,0.007803790412486065,0.015486725663716814,897.0
accuracy,0.055201698513800426,0.055201698513800426,0.055201698513800426,0.055201698513800426
macro avg,0.5240641711229946,0.5039018952062431,0.05366173017879718,942.0
weighted avg,0.9545284239926428,0.055201698513800426,0.019134019088724495,942.0
