,precision,recall,f1-score,support
False,0.28580645161290325,0.9609544468546638,0.4405768274490304,461.0
True,0.7230769230769231,0.04072790294627383,0.07711238720262512,1154.0
accuracy,0.30340557275541796,0.30340557275541796,0.30340557275541796,0.30340557275541796
macro avg,0.5044416873449131,0.5008411749004689,0.25884460732582776,1615.0
weighted avg,0.5982585408200108,0.30340557275541796,0.18086291782404482,1615.0
