,precision,recall,f1-score,support
False,0.1613119834710744,0.9083769633507853,0.2739714010000877,3438.0
True,0.7565687789799073,0.0568657063197026,0.10578065910318747,17216.0
accuracy,0.19860559697879346,0.19860559697879346,0.19860559697879346,0.19860559697879346
macro avg,0.45894038122549086,0.48262133483524394,0.18987603005163758,20654.0
weighted avg,0.6574842015150402,0.19860559697879346,0.13377716199083844,20654.0
