,precision,recall,f1-score,support
False,0.2053742802303263,0.5011709601873536,0.291354663036079,427.0
True,0.9271794871794872,0.7661016949152543,0.8389791183294665,3540.0
accuracy,0.7375850768842954,0.7375850768842954,0.7375850768842954,0.7375850768842954
macro avg,0.5662768837049067,0.633636327551304,0.5651668906827727,3967.0
weighted avg,0.8494858084884633,0.7375850768842954,0.7800339097561676,3967.0
