,precision,recall,f1-score
mean_true_class,0.7571469903692121,0.7494496954654531,0.7254404187506204
mean_false_class,0.17584540974202492,0.19066498045405506,0.12115024822723461
mean_weighted,0.7366525219042181,0.6217602931820874,0.6344380454276852
