,precision,recall,f1-score,support
False,0.08967851099830795,0.20866141732283464,0.1254437869822485,254.0
True,0.934033475549721,0.8410165484633569,0.8850878556989582,3384.0
accuracy,0.796866410115448,0.796866410115448,0.796866410115448,0.796866410115448
macro avg,0.5118559932740145,0.5248389828930958,0.5052658213406034,3638.0
weighted avg,0.8750818095255157,0.796866410115448,0.8320505842712386,3638.0
