,precision,recall,f1-score,support
False,1.0,0.10592686002522068,0.19156214367160773,1586.0
True,0.0,0.0,0.0,0.0
accuracy,0.10592686002522068,0.10592686002522068,0.10592686002522068,0.10592686002522068
macro avg,0.5,0.05296343001261034,0.09578107183580387,1586.0
weighted avg,1.0,0.10592686002522068,0.19156214367160776,1586.0
