,precision,recall,f1-score,support
False,0.3256637168141593,0.3524904214559387,0.33854645814167433,522.0
True,0.784301212507977,0.7633540372670807,0.7736858671702864,1610.0
accuracy,0.6627579737335835,0.6627579737335835,0.6627579737335835,0.6627579737335835
macro avg,0.5549824646610682,0.5579222293615097,0.5561161626559804,2132.0
weighted avg,0.6720081671270329,0.6627579737335835,0.6671461056726619,2132.0
