,precision,recall,f1-score,support
False,0.0,0.0,0.0,407.0
True,0.7666284403669725,0.9422128259337562,0.8453999367688904,1419.0
accuracy,0.7322015334063526,0.7322015334063526,0.7322015334063526,0.7322015334063526
macro avg,0.38331422018348627,0.4711064129668781,0.4226999683844452,1826.0
weighted avg,0.5957534265502377,0.7322015334063526,0.6569674207420895,1826.0
