,precision,recall,f1-score,support
False,0.5069444444444444,0.14512922465208747,0.22565687789799074,503.0
True,0.3917963224893918,0.7959770114942529,0.5251184834123223,348.0
accuracy,0.4112808460634548,0.4112808460634548,0.4112808460634548,0.4112808460634548
macro avg,0.4493703834669181,0.4705531180731702,0.3753876806551565,851.0
weighted avg,0.45985684580712566,0.4112808460634548,0.3481159128204201,851.0
