,precision,recall,f1-score,support
False,0.10638297872340426,0.03225806451612903,0.0495049504950495,310.0
True,0.7907949790794979,0.9310344827586207,0.8552036199095023,1218.0
accuracy,0.7486910994764397,0.7486910994764397,0.7486910994764397,0.7486910994764397
macro avg,0.4485889789014511,0.48164627363737483,0.45235428520227594,1528.0
weighted avg,0.6519417591119658,0.7486910994764397,0.6917438113241094,1528.0
