,precision,recall,f1-score,support
False,0.6052631578947368,0.05707196029776675,0.10430839002267574,403.0
True,0.11007025761124122,0.7580645161290323,0.19222903885480572,62.0
accuracy,0.15053763440860216,0.15053763440860216,0.15053763440860216,0.15053763440860216
macro avg,0.35766670775298903,0.4075682382133995,0.14826871443874073,465.0
weighted avg,0.5392374378569373,0.15053763440860216,0.11603114320029306,465.0
