,precision,recall,f1-score,support
False,0.2950391644908616,1.0,0.4556451612903225,113.0
True,1.0,0.6186440677966102,0.7643979057591622,708.0
accuracy,0.6711327649208283,0.6711327649208283,0.6711327649208283,0.6711327649208283
macro avg,0.6475195822454308,0.8093220338983051,0.6100215335247423,821.0
weighted avg,0.9029712857338213,0.6711327649208283,0.7219020956191149,821.0
