,precision,recall,f1-score,support
False,0.036223929747530186,0.4925373134328358,0.06748466257668712,134.0
True,0.9745984310795667,0.597709049255441,0.7409826753763136,4365.0
accuracy,0.5945765725716826,0.5945765725716826,0.5945765725716826,0.5945765725716826
macro avg,0.5054111804135484,0.5451231813441384,0.40423366897650037,4499.0
weighted avg,0.9466495128358473,0.5945765725716826,0.7209229434991964,4499.0
