,precision,recall,f1-score,support
False,0.01020408163265306,0.0015128593040847202,0.002635046113306983,661.0
True,0.7299509001636661,0.9484316852737905,0.8249710982658959,1881.0
accuracy,0.7022029897718332,0.7022029897718332,0.7022029897718332,0.7022029897718332
macro avg,0.3700774908981596,0.4749722722889376,0.41380307218960144,2542.0
weighted avg,0.5427940759901808,0.7022029897718332,0.6111378447360528,2542.0
