,precision,recall,f1-score,support
False,0.05,0.007936507936507936,0.0136986301369863,630.0
True,0.5003996802557954,0.8682385575589459,0.6348884381338743,721.0
accuracy,0.4670614359733531,0.4670614359733531,0.4670614359733531,0.4670614359733531
macro avg,0.2751998401278977,0.4380875327477269,0.3242935341354303,1351.0
weighted avg,0.29036874127640894,0.4670614359733531,0.3452144344047555,1351.0
