,precision,recall,f1-score,support
False,0.0,0.0,0.0,0.0
True,1.0,0.6306101865859809,0.7734652852945726,3966.0
accuracy,0.6306101865859809,0.6306101865859809,0.6306101865859809,0.6306101865859809
macro avg,0.5,0.31530509329299045,0.3867326426472863,3966.0
weighted avg,1.0,0.6306101865859809,0.7734652852945726,3966.0
