,precision,recall,f1-score,support
False,0.018789144050104383,0.225,0.034682080924855495,40.0
True,0.980453972257251,0.7679012345679013,0.8612572694544448,2025.0
accuracy,0.7573849878934624,0.7573849878934624,0.7573849878934624,0.7573849878934624
macro avg,0.49962155815367765,0.4964506172839506,0.44796967518965014,2065.0
weighted avg,0.9618260821224879,0.7573849878934624,0.845246127788012,2065.0
