,precision,recall,f1-score,support
False,0.17579617834394903,0.360313315926893,0.23630136986301373,383.0
True,0.8728593668915413,0.7221983683984543,0.7904135338345863,2329.0
accuracy,0.6710914454277286,0.6710914454277286,0.6710914454277286,0.6710914454277286
macro avg,0.5243277726177452,0.5412558421626736,0.5133574518488,2712.0
weighted avg,0.7744171835531461,0.6710914454277286,0.7121594929787189,2712.0
