,precision,recall,f1-score,support
False,0.0,0.0,0.0,194.0
True,0.9214256784123127,0.9857019064124783,0.9524806363826669,2308.0
accuracy,0.9092725819344525,0.9092725819344525,0.9092725819344525,0.9092725819344525
macro avg,0.46071283920615635,0.4928509532062392,0.47624031819133344,2502.0
weighted avg,0.8499802021485282,0.9092725819344525,0.8786272217310932,2502.0
