,precision,recall,f1-score,support
False,0.21453287197231835,0.26898047722342733,0.23869104908565927,461.0
True,0.6750241080038573,0.6065857885615251,0.6389776357827476,1154.0
accuracy,0.5102167182662539,0.5102167182662539,0.5102167182662539,0.5102167182662539
macro avg,0.4447784899880878,0.4377831328924762,0.43883434243420344,1615.0
weighted avg,0.5435773836629659,0.5102167182662539,0.5247162633571391,1615.0
