,precision,recall,f1-score,support
False,0.13683360258481422,0.24636416521233276,0.1759451599501454,3438.0
True,0.8208655973451328,0.6896491635687733,0.7495580808080808,17216.0
accuracy,0.6158613343662245,0.6158613343662245,0.6158613343662245,0.6158613343662245
macro avg,0.4788495999649735,0.468006664390553,0.4627516203791131,20654.0
weighted avg,0.7070037789087051,0.6158613343662245,0.6540762747700455,20654.0
