,precision,recall,f1-score,support
False,1.0,0.9989495798319328,0.999474513925381,952.0
True,0.0,1.0,0.0,0.0
accuracy,0.9989495798319328,0.9989495798319328,0.9989495798319328,0.9989495798319328
macro avg,0.5,0.9994747899159664,0.4997372569626905,952.0
weighted avg,1.0,0.9989495798319328,0.999474513925381,952.0
