,precision,recall,f1-score,support
False,0.30888491353607633,0.9923371647509579,0.47112323783537974,522.0
True,0.9912087912087912,0.28012422360248446,0.43680387409200977,1610.0
accuracy,0.4545028142589118,0.4545028142589118,0.4545028142589118,0.4545028142589118
macro avg,0.6500468523724338,0.6362306941767212,0.45396355596369475,2132.0
weighted avg,0.8241482545553404,0.4545028142589118,0.4452066451398705,2132.0
