,precision,recall,f1-score,support
False,0.10891938250428816,1.0,0.19644238205723122,254.0
True,1.0,0.3859338061465721,0.5569296375266525,3384.0
accuracy,0.42880703683342497,0.42880703683342497,0.42880703683342497,0.42880703683342497
macro avg,0.5544596912521441,0.692966903073286,0.37668600979194183,3638.0
weighted avg,0.9377860151611019,0.42880703683342497,0.5317609286511074,3638.0
