,precision,recall,f1-score,support
False,0.1720575022461815,1.0,0.29359908010732083,383.0
True,1.0,0.20867325032202663,0.34529307282415633,2329.0
accuracy,0.32042772861356933,0.32042772861356933,0.32042772861356933,0.32042772861356933
macro avg,0.5860287511230907,0.6043366251610133,0.3194460764657386,2712.0
weighted avg,0.8830744923894865,0.32042772861356933,0.3379926306373761,2712.0
