,precision,recall,f1-score,support
False,0.04782146652497343,1.0,0.09127789046653144,45.0
True,1.0,0.0011148272017837235,0.0022271714922048997,897.0
accuracy,0.04883227176220807,0.04883227176220807,0.04883227176220807,0.04883227176220807
macro avg,0.5239107332624867,0.5005574136008919,0.04675253097936817,942.0
weighted avg,0.9545137643244413,0.04883227176220807,0.006481186729831964,942.0
