,precision,recall,f1-score,support
False,0.0,1.0,0.0,0.0
True,1.0,0.005513258072985036,0.010966057441253263,3809.0
accuracy,0.005513258072985036,0.005513258072985036,0.005513258072985036,0.005513258072985036
macro avg,0.5,0.5027566290364925,0.005483028720626631,3809.0
weighted avg,1.0,0.005513258072985036,0.010966057441253263,3809.0
