,precision,recall,f1-score,support
False,0.0,1.0,0.0,0.0
True,1.0,0.08043368633383761,0.14889148191365228,3966.0
accuracy,0.08043368633383761,0.08043368633383761,0.08043368633383761,0.08043368633383761
macro avg,0.5,0.5402168431669188,0.07444574095682614,3966.0
weighted avg,1.0,0.08043368633383761,0.14889148191365228,3966.0
