,precision,recall,f1-score,support
False,0.0,1.0,0.0,0.0
True,1.0,0.06090837490154896,0.11482306359811928,3809.0
accuracy,0.06090837490154896,0.06090837490154896,0.06090837490154896,0.06090837490154896
macro avg,0.5,0.5304541874507744,0.05741153179905964,3809.0
weighted avg,1.0,0.06090837490154896,0.11482306359811928,3809.0
