,precision,recall,f1-score
mean_true_class,0.8263681555246158,0.24014352123104546,0.3249856830779519
mean_false_class,0.26493466818914607,0.7540134058087766,0.3411600198653823
mean_weighted,0.8094939739195517,0.38977781113292115,0.40254934517899776
