,precision,recall,f1-score,support
False,0.08765315739868049,1.0,0.1611785095320624,93.0
True,1.0,0.12239347234814144,0.21809369951534732,1103.0
accuracy,0.19063545150501673,0.19063545150501673,0.19063545150501673,0.19063545150501673
macro avg,0.5438265786993403,0.5611967361740707,0.18963610452370486,1196.0
weighted avg,0.9290566418378573,0.19063545150501673,0.21366802002668053,1196.0
