,precision,recall,f1-score,support
False,0.0,0.0,0.0,0.0
True,1.0,0.01680231031766868,0.03304931577588433,3809.0
accuracy,0.01680231031766868,0.01680231031766868,0.01680231031766868,0.01680231031766868
macro avg,0.5,0.00840115515883434,0.016524657887942166,3809.0
weighted avg,1.0,0.01680231031766868,0.03304931577588433,3809.0
