,precision,recall,f1-score,support
False,0.8073836276083467,1.0,0.8934280639431615,503.0
True,1.0,0.6551724137931034,0.7916666666666666,348.0
accuracy,0.8589894242068156,0.8589894242068156,0.8589894242068156,0.8589894242068156
macro avg,0.9036918138041734,0.8275862068965517,0.842547365304914,851.0
weighted avg,0.8861503697849569,0.8589894242068156,0.8518147075950767,851.0
