,precision,recall,f1-score,support
False,0.0,0.0,0.0,93.0
True,0.9171861086375779,0.9338168631006346,0.9254267744833783,1103.0
accuracy,0.8612040133779264,0.8612040133779264,0.8612040133779264,0.8612040133779264
macro avg,0.45859305431878894,0.4669084315503173,0.46271338724168914,1196.0
weighted avg,0.8458664530328164,0.8612040133779264,0.8534663313170286,1196.0
