,precision,recall,f1-score,support
False,0.10612139251973599,0.2385107620709715,0.14688759516345723,3438.0
True,0.797478146515046,0.59880343866171,0.6840062369372657,17216.0
accuracy,0.5388302507988767,0.5388302507988767,0.5388302507988767,0.5388302507988767
macro avg,0.451799769517391,0.41865710036634074,0.41544691605036144,20654.0
weighted avg,0.6823970716512968,0.5388302507988767,0.5945991540274975,20654.0
