,precision,recall,f1-score,support
False,0.08045977011494253,0.15555555555555556,0.10606060606060606,45.0
True,0.9555555555555556,0.9108138238573021,0.9326484018264841,897.0
accuracy,0.8747346072186837,0.8747346072186837,0.8747346072186837,0.8747346072186837
macro avg,0.518007662835249,0.5331846897064288,0.5193545039435451,942.0
weighted avg,0.9137516167606219,0.8747346072186837,0.8931617236848021,942.0
