,precision,recall,f1-score,support
False,0.2025,0.175704989154013,0.1881533101045296,461.0
True,0.6872427983539094,0.7235701906412478,0.7049387927395526,1154.0
accuracy,0.5671826625386996,0.5671826625386996,0.5671826625386996,0.5671826625386996
macro avg,0.44487139917695473,0.4496375898976304,0.4465460514220411,1615.0
weighted avg,0.5488734918268802,0.5671826625386996,0.5574229367056543,1615.0
