,precision,recall,f1-score,support
False,0.14381946783428765,1.0,0.251472320376914,427.0
True,1.0,0.28192090395480224,0.43984133979726747,3540.0
accuracy,0.3592135114696244,0.3592135114696244,0.3592135114696244,0.3592135114696244
macro avg,0.5719097339171438,0.6409604519774011,0.34565683008709075,3967.0
weighted avg,0.9078424282241595,0.3592135114696244,0.41956567272076356,3967.0
