,precision,recall,f1-score,support
False,0.034796156842378606,1.0,0.06725219573400251,134.0
True,1.0,0.14845360824742268,0.25852782764811494,4365.0
accuracy,0.1738164036452545,0.1738164036452545,0.1738164036452545,0.1738164036452545
macro avg,0.5173980784211893,0.5742268041237113,0.1628900116910587,4499.0
weighted avg,0.9712519860006399,0.1738164036452545,0.25283079838016853,4499.0
