,precision,recall,f1-score,support
False,0.030395136778115502,1.0,0.05899705014749263,40.0
True,1.0,0.36987654320987656,0.5400144196106705,2025.0
accuracy,0.3820823244552058,0.3820823244552058,0.3820823244552058,0.3820823244552058
macro avg,0.5151975683890577,0.6849382716049383,0.2995057348790816,2065.0
weighted avg,0.9812183077342008,0.3820823244552058,0.5306968918728849,2065.0
