,precision,recall,f1-score,support
False,0.728287841191067,0.9317460317460318,0.8175487465181058,630.0
True,0.9211009174311927,0.6962552011095701,0.7930489731437599,721.0
accuracy,0.8060695780903034,0.8060695780903034,0.8060695780903034,0.8060695780903034
macro avg,0.8246943793111299,0.8140006164278009,0.8052988598309329,1351.0
weighted avg,0.8311880839513412,0.8060695780903034,0.8044737379297242,1351.0
