,precision,recall,f1-score,support
False,0.0,0.0,0.0,320.0
True,0.7165633303808681,0.9758745476477684,0.8263534218590398,829.0
accuracy,0.7040905134899913,0.7040905134899913,0.7040905134899913,0.7040905134899913
macro avg,0.35828166519043403,0.4879372738238842,0.4131767109295199,1149.0
weighted avg,0.5169982601268405,0.7040905134899913,0.596211476693772,1149.0
