,precision,recall,f1-score,support
False,0.21774193548387097,0.07168141592920355,0.10785619174434088,1130.0
True,0.6663486005089059,0.8780385582564962,0.7576853526220615,2386.0
accuracy,0.6188850967007964,0.6188850967007964,0.6188850967007964,0.6188850967007964
macro avg,0.44204526799638844,0.4748599870928499,0.4327707721832012,3516.0
weighted avg,0.5221718281885733,0.6188850967007964,0.5488380967085734,3516.0
