,precision,recall,f1-score,support
False,0.07988165680473373,0.5806451612903226,0.14044213263979197,93.0
True,0.925,0.43608340888485947,0.5927295132470733,1103.0
accuracy,0.44732441471571904,0.44732441471571904,0.44732441471571904,0.44732441471571904
macro avg,0.5024408284023669,0.508364285087591,0.36658582294343267,1196.0
weighted avg,0.8592842759889969,0.44732441471571904,0.5575600095710891,1196.0
