,precision,recall,f1-score,support
False,0.6918844566712518,1.0,0.8178861788617886,503.0
True,1.0,0.3563218390804598,0.5254237288135594,348.0
accuracy,0.736780258519389,0.736780258519389,0.736780258519389,0.736780258519389
macro avg,0.8459422283356259,0.6781609195402298,0.6716549538376739,851.0
weighted avg,0.8178823521805401,0.736780258519389,0.6982893132721484,851.0
