,precision,recall,f1-score,support
False,0.1935320869125821,1.0,0.32430143945808637,383.0
True,1.0,0.31472735079433234,0.4787720444154148,2329.0
accuracy,0.41150442477876104,0.41150442477876104,0.41150442477876104,0.41150442477876104
macro avg,0.596766043456291,0.6573636753971661,0.4015367419367506,2712.0
weighted avg,0.8861072231886132,0.41150442477876104,0.45695705853832896,2712.0
