,precision,recall,f1-score,support
False,0.2320855614973262,0.47071583514099785,0.3108882521489971,461.0
True,0.6411764705882353,0.3778162911611785,0.47546346782988,1154.0
accuracy,0.4043343653250774,0.4043343653250774,0.4043343653250774,0.4043343653250774
macro avg,0.43663101604278076,0.42426606315108817,0.3931758599894386,1615.0
weighted avg,0.5244019138755981,0.4043343653250774,0.428485650846049,1615.0
