,precision,recall,f1-score,support
False,0.041237113402061855,0.5333333333333333,0.07655502392344497,45.0
True,0.9416666666666667,0.3779264214046823,0.5393794749403341,897.0
accuracy,0.3853503184713376,0.3853503184713376,0.3853503184713376,0.3853503184713376
macro avg,0.49145189003436424,0.45562987736900784,0.3079672494318895,942.0
weighted avg,0.8986525160330071,0.3853503184713376,0.517270026643349,942.0
