,precision,recall,f1-score,support
False,0.7656012176560122,1.0,0.8672413793103448,503.0
True,1.0,0.5574712643678161,0.7158671586715868,348.0
accuracy,0.8190364277320799,0.8190364277320799,0.8190364277320799,0.8190364277320799
macro avg,0.882800608828006,0.7787356321839081,0.7915542689909658,851.0
weighted avg,0.8614540687202985,0.8190364277320799,0.805339817874049,851.0
