,precision,recall,f1-score,support
False,0.492845786963434,1.0,0.6602768903088392,310.0
True,1.0,0.7380952380952381,0.8493150684931507,1218.0
accuracy,0.7912303664921466,0.7912303664921466,0.7912303664921466,0.7912303664921466
macro avg,0.746422893481717,0.8690476190476191,0.754795979400995,1528.0
weighted avg,0.8971087656797543,0.7912303664921466,0.8109630820814121,1528.0
