,precision,recall,f1-score,support
False,0.2598371777476255,1.0,0.41249326871297787,383.0
True,1.0,0.5315586088449978,0.6941407345107933,2329.0
accuracy,0.5977138643067846,0.5977138643067846,0.5977138643067846,0.5977138643067846
macro avg,0.6299185888738128,0.765779304422499,0.5533170016118856,2712.0
weighted avg,0.8954711058544765,0.5977138643067846,0.6543652996285797,2712.0
