,precision,recall,f1-score,support
False,0.028901734104046242,1.0,0.056179775280898875,40.0
True,1.0,0.3362962962962963,0.5033259423503326,2025.0
accuracy,0.34915254237288135,0.34915254237288135,0.34915254237288135,0.34915254237288135
macro avg,0.5144508670520231,0.6681481481481482,0.27975285881561573,2065.0
weighted avg,0.9811893798373665,0.34915254237288135,0.4946645153853072,2065.0
