,precision,recall,f1-score,support
False,0.23473541383989144,0.15309734513274337,0.18532404927691482,1130.0
True,0.6556315221302627,0.7636211232187762,0.7055179090029041,2386.0
accuracy,0.5674061433447098,0.5674061433447098,0.5674061433447098,0.5674061433447098
macro avg,0.445183467985077,0.45835923417575974,0.44542097913990947,3516.0
weighted avg,0.5203605885784653,0.5674061433447098,0.5383338755869861,3516.0
