,precision,recall,f1-score,support
False,0.669327251995439,0.9317460317460318,0.7790311877903118,630.0
True,0.9092827004219409,0.5977808599167822,0.7213389121338912,721.0
accuracy,0.7535159141376758,0.7535159141376758,0.7535159141376758,0.7535159141376758
macro avg,0.7893049762086899,0.764763445831407,0.7501850499621014,1351.0
weighted avg,0.7973863773214998,0.7535159141376758,0.7482420458596832,1351.0
