,precision,recall,f1-score,support
False,0.0,1.0,0.0,0.0
True,1.0,0.5563139931740614,0.7149122807017543,3809.0
accuracy,0.5563139931740614,0.5563139931740614,0.5563139931740614,0.5563139931740614
macro avg,0.5,0.7781569965870307,0.35745614035087714,3809.0
weighted avg,1.0,0.5563139931740614,0.7149122807017543,3809.0
