,precision,recall,f1-score,support
False,0.11986017845644376,0.37899941826643396,0.18212313928296875,3438.0
True,0.7817642849841562,0.44423791821561337,0.5665395014630171,17216.0
accuracy,0.4333785223201317,0.4333785223201317,0.4333785223201317,0.4333785223201317
macro avg,0.45081223172029994,0.41161866824102367,0.37433132037299294,20654.0
weighted avg,0.6715858053558869,0.4333785223201317,0.5025507606295221,20654.0
