,precision,recall,f1-score,support
False,0.14261517615176153,0.9859484777517564,0.2491861497484463,427.0
True,0.994088669950739,0.28502824858757064,0.4430296377607026,3540.0
accuracy,0.3604739097554827,0.3604739097554827,0.3604739097554827,0.3604739097554827
macro avg,0.5683519230512503,0.6354883631696635,0.34610789375457446,3967.0
weighted avg,0.9024377544346907,0.3604739097554827,0.4221647097593833,3967.0
