,precision,recall,f1-score,support
False,0.2562814070351759,0.6839080459770115,0.372845953002611,522.0
True,0.7767253044654939,0.3565217391304348,0.4887186036611324,1610.0
accuracy,0.4366791744840525,0.4366791744840525,0.4366791744840525,0.4366791744840525
macro avg,0.5165033557503349,0.5202148925537231,0.43078227833187166,2132.0
weighted avg,0.6492995472147313,0.4366791744840525,0.4603482830027139,2132.0
