,precision,recall,f1-score,support
False,0.6609271523178808,0.9920477137176938,0.7933227344992051,503.0
True,0.9583333333333334,0.26436781609195403,0.4144144144144144,348.0
accuracy,0.6944770857814336,0.6944770857814336,0.6944770857814336,0.6944770857814336
macro avg,0.809630242825607,0.6282077649048239,0.6038685744568097,851.0
weighted avg,0.7825456611232597,0.6944770857814336,0.6383755013740499,851.0
