,precision,recall,f1-score,support
False,0.020930232558139535,0.022113022113022112,0.021505376344086023,407.0
True,0.7148997134670487,0.7033121916842847,0.7090586145648313,1419.0
accuracy,0.5514786418400877,0.5514786418400877,0.5514786418400877,0.5514786418400877
macro avg,0.3679149730125941,0.3627126068986534,0.36528199545445866,1826.0
weighted avg,0.5602197689271111,0.5514786418400877,0.5558087964071954,1826.0
