,precision,recall,f1-score,support
False,1.0,0.9104665825977302,0.9531353135313532,1586.0
True,0.0,0.0,0.0,0.0
accuracy,0.9104665825977302,0.9104665825977302,0.9104665825977302,0.9104665825977302
macro avg,0.5,0.4552332912988651,0.4765676567656766,1586.0
weighted avg,1.0,0.9104665825977302,0.9531353135313532,1586.0
