,precision,recall,f1-score,support
False,0.23470948012232415,0.9903225806451613,0.37948084054388137,310.0
True,0.9863636363636363,0.1781609195402299,0.30180806675938804,1218.0
accuracy,0.34293193717277487,0.34293193717277487,0.34293193717277487,0.34293193717277487
macro avg,0.6105365582429803,0.5842417500926956,0.3406444536516347,1528.0
weighted avg,0.8338683559743649,0.34293193717277487,0.31756628657168706,1528.0
