,precision,recall,f1-score,support
False,0.0773109243697479,0.36220472440944884,0.12742382271468145,254.0
True,0.9338235294117647,0.675531914893617,0.7839506172839505,3384.0
accuracy,0.6536558548653106,0.6536558548653106,0.6536558548653106,0.6536558548653106
macro avg,0.5055672268907563,0.5188683196515329,0.455687219999316,3638.0
weighted avg,0.8740230341724375,0.6536558548653106,0.7381128476796092,3638.0
