,precision,recall,f1-score,support
False,0.17213483146067415,1.0,0.2937116564417178,383.0
True,1.0,0.20910261914984973,0.3458806818181818,2329.0
accuracy,0.32079646017699115,0.32079646017699115,0.32079646017699115,0.32079646017699115
macro avg,0.586067415730337,0.6045513095749249,0.3197961691299498,2712.0
weighted avg,0.883085413145073,0.32079646017699115,0.33851315352939654,2712.0
