,precision,recall,f1-score,support
False,0.3221442885771543,0.972768532526475,0.48400451637184794,661.0
True,0.967032967032967,0.2807017543859649,0.4351050679851668,1881.0
accuracy,0.46066089693154993,0.46066089693154993,0.46066089693154993,0.46066089693154993
macro avg,0.6445886278050607,0.62673514345622,0.45955479217850737,2542.0
weighted avg,0.7993416151607041,0.46066089693154993,0.44782046349405596,2542.0
