,precision,recall,f1-score,support
False,0.0,0.0,0.0,0.0
True,1.0,0.05194150277357539,0.09875359539789069,3966.0
accuracy,0.05194150277357539,0.05194150277357539,0.05194150277357539,0.05194150277357539
macro avg,0.5,0.025970751386787696,0.049376797698945346,3966.0
weighted avg,1.0,0.05194150277357539,0.09875359539789069,3966.0
