,precision,recall,f1-score,support
False,0.016376663254861822,0.4,0.03146509341199607,40.0
True,0.9779411764705882,0.5254320987654321,0.6835849662704786,2025.0
accuracy,0.5230024213075061,0.5230024213075061,0.5230024213075061,0.5230024213075061
macro avg,0.49715891986272503,0.46271604938271604,0.35752502984123735,2065.0
weighted avg,0.9593152294833587,0.5230024213075061,0.6709531043264886,2065.0
