,precision,recall,f1-score,support
False,0.0,0.0,0.0,320.0
True,0.6388261851015802,0.6827503015681544,0.6600583090379009,829.0
accuracy,0.4926022628372498,0.4926022628372498,0.4926022628372498,0.4926022628372498
macro avg,0.3194130925507901,0.3413751507840772,0.33002915451895043,1149.0
weighted avg,0.46091114660505655,0.4926022628372498,0.47623005934936447,1149.0
