,precision,recall,f1-score,support
False,0.5266272189349113,0.9888888888888889,0.6872586872586873,630.0
True,0.9583333333333334,0.22330097087378642,0.36220472440944884,721.0
accuracy,0.5803108808290155,0.5803108808290155,0.5803108808290155,0.5803108808290155
macro avg,0.7424802761341223,0.6060949298813376,0.5247317058340681,1351.0
weighted avg,0.7570196012304422,0.5803108808290155,0.5137842925774876,1351.0
