,precision,recall,f1-score,support
False,0.26895043731778423,0.8004338394793926,0.4026186579378068,461.0
True,0.6213991769547325,0.13084922010398614,0.21617752326413744,1154.0
accuracy,0.3219814241486068,0.3219814241486068,0.3219814241486068,0.3219814241486068
macro avg,0.44517480713625834,0.4656415297916894,0.3093980906009721,1615.0
weighted avg,0.5207930661357646,0.3219814241486068,0.26939694313073903,1615.0
