,precision,recall,f1-score,support
False,0.14703896900889843,0.6969168121000582,0.2428419398976334,3438.0
True,0.7609543473273687,0.1926696096654275,0.3074855156431054,17216.0
accuracy,0.2766050159775346,0.2766050159775346,0.2766050159775346,0.2766050159775346
macro avg,0.45399665816813356,0.4447932108827428,0.2751637277703694,20654.0
weighted avg,0.6587639207437094,0.2766050159775346,0.2967251489629014,20654.0
