,precision,recall,f1-score,support
False,0.3020954598370198,0.9942528735632183,0.4633928571428571,522.0
True,0.9927536231884058,0.25527950310559006,0.4061264822134387,1610.0
accuracy,0.43621013133208253,0.43621013133208253,0.43621013133208253,0.43621013133208253
macro avg,0.6474245415127128,0.6247661883344042,0.43475966967814794,2132.0
weighted avg,0.8236525156511527,0.43621013133208253,0.4201476115348067,2132.0
