,precision,recall,f1-score,support
False,0.30362884703720716,1.0,0.4658210007047216,661.0
True,1.0,0.19404572036150983,0.3250222617987533,1881.0
accuracy,0.4036191974822974,0.4036191974822974,0.4036191974822974,0.4036191974822974
macro avg,0.6518144235186036,0.5970228601807549,0.39542163125173746,2542.0
weighted avg,0.8189215845364257,0.4036191974822974,0.36163436503118646,2542.0
