,precision,recall,f1-score,support
False,0.3433606806441811,1.0,0.5111965618638318,1130.0
True,1.0,0.09430008382229674,0.17234775947912678,2386.0
accuracy,0.3853811149032992,0.3853811149032992,0.3853811149032992,0.3853811149032992
macro avg,0.6716803403220906,0.5471500419111484,0.3417721606714793,3516.0
weighted avg,0.788964041276429,0.3853811149032992,0.2812496783342794,3516.0
