,precision,recall,f1-score,support
False,0.08321579689703808,0.23228346456692914,0.12253374870197299,254.0
True,0.9334243769204507,0.807919621749409,0.8661492159036908,3384.0
accuracy,0.7677295217152281,0.7677295217152281,0.7677295217152281,0.7677295217152281
macro avg,0.5083200869087444,0.520101543158169,0.49434148230283187,3638.0
weighted avg,0.8740640197665346,0.7677295217152281,0.8142310386993927,3638.0
