,precision,recall,f1-score,support
False,0.2545045045045045,1.0,0.4057450628366248,113.0
True,1.0,0.5324858757062146,0.6949308755760368,708.0
accuracy,0.5968331303288672,0.5968331303288672,0.5968331303288672,0.5968331303288672
macro avg,0.6272522522522522,0.7662429378531073,0.5503379692063308,821.0
weighted avg,0.8973922156017162,0.5968331303288672,0.6551281997665928,821.0
