,precision,recall,f1-score,support
False,0.4897959183673469,0.1908548707753479,0.27467811158798283,503.0
True,0.3786259541984733,0.7126436781609196,0.49451645064805577,348.0
accuracy,0.40423031727379555,0.40423031727379555,0.40423031727379555,0.40423031727379555
macro avg,0.4342109362829101,0.45174927446813373,0.3845972811180193,851.0
weighted avg,0.4443351104581013,0.40423031727379555,0.36457675082758967,851.0
