,precision,recall,f1-score,support
False,0.055776892430278883,0.04516129032258064,0.0499108734402852,310.0
True,0.7682067345340642,0.8054187192118226,0.7863727454909819,1218.0
accuracy,0.6511780104712042,0.6511780104712042,0.6511780104712042,0.6511780104712042
macro avg,0.4119918134821715,0.42529000476720163,0.41814180946563356,1528.0
weighted avg,0.623669266567982,0.6511780104712042,0.6369596693550421,1528.0
