,precision,recall,f1-score,support
False,0.3010610079575597,0.43486590038314177,0.3557993730407524,522.0
True,0.785921625544267,0.6726708074534161,0.7248995983935743,1610.0
accuracy,0.6144465290806754,0.6144465290806754,0.6144465290806754,0.6144465290806754
macro avg,0.5434913167509133,0.5537683539182789,0.5403494857171633,2132.0
weighted avg,0.667208097223319,0.6144465290806754,0.6345289053193843,2132.0
