,precision,recall,f1-score,support
False,1.0,0.6330390920554855,0.7752895752895752,1586.0
True,0.0,0.0,0.0,0.0
accuracy,0.6330390920554855,0.6330390920554855,0.6330390920554855,0.6330390920554855
macro avg,0.5,0.31651954602774274,0.3876447876447876,1586.0
weighted avg,1.0,0.6330390920554855,0.7752895752895751,1586.0
