,precision,recall,f1-score,support
False,0.6226415094339622,0.08188585607940446,0.14473684210526314,403.0
True,0.10194174757281553,0.6774193548387096,0.17721518987341772,62.0
accuracy,0.16129032258064516,0.16129032258064516,0.16129032258064516,0.16129032258064516
macro avg,0.36229162850338886,0.37965260545905705,0.16097601598934042,465.0
weighted avg,0.5532148745191428,0.16129032258064516,0.14906728847435038,465.0
