,precision,recall,f1-score,support
False,0.0,0.0,0.0,0.0
True,1.0,0.567826525466465,0.7243486651656481,3966.0
accuracy,0.567826525466465,0.567826525466465,0.567826525466465,0.567826525466465
macro avg,0.5,0.2839132627332325,0.36217433258282405,3966.0
weighted avg,1.0,0.567826525466465,0.7243486651656481,3966.0
