,precision,recall,f1-score,support
False,0.0,0.0,0.0,320.0
True,0.7053406998158379,0.9240048250904704,0.7999999999999999,829.0
accuracy,0.6666666666666666,0.6666666666666666,0.6666666666666666,0.6666666666666666
macro avg,0.35267034990791896,0.4620024125452352,0.39999999999999997,1149.0
weighted avg,0.5089011663597298,0.6666666666666666,0.5771975630983464,1149.0
