,precision,recall,f1-score,support
False,0.023668639053254437,0.006051437216338881,0.00963855421686747,661.0
True,0.7231352718078382,0.9122807017543859,0.8067700987306065,1881.0
accuracy,0.6766325727773407,0.6766325727773407,0.6766325727773407,0.6766325727773407
macro avg,0.37340195543054633,0.45916606948536237,0.40820432647373694,2542.0
weighted avg,0.5412519341796793,0.6766325727773407,0.5994908104050434,2542.0
