,precision,recall,f1-score,support
False,0.019230769230769232,0.275,0.03594771241830066,40.0
True,0.9805760214333556,0.7229629629629629,0.8322910744741329,2025.0
accuracy,0.7142857142857143,0.7142857142857143,0.7142857142857143,0.7142857142857143
macro avg,0.49990339533206246,0.49898148148148147,0.43411939344621675,2065.0
weighted avg,0.9619543216328212,0.7142857142857143,0.816865537194601,2065.0
