,precision,recall,f1-score,support
False,0.20192307692307693,0.1,0.1337579617834395,630.0
True,0.4542829643888354,0.6546463245492372,0.5363636363636364,721.0
accuracy,0.3960029607698001,0.3960029607698001,0.3960029607698001,0.3960029607698001
macro avg,0.3281030206559562,0.3773231622746186,0.3350607990735379,1351.0
weighted avg,0.3366021878503988,0.3960029607698001,0.34862005754385544,1351.0
