,precision,recall,f1-score,support
False,0.0,0.0,0.0,194.0
True,0.920751633986928,0.9766031195840554,0.9478553406223718,2308.0
accuracy,0.9008792965627498,0.9008792965627498,0.9008792965627498,0.9008792965627498
macro avg,0.460375816993464,0.4883015597920277,0.4739276703111859,2502.0
weighted avg,0.8493584217593246,0.9008792965627498,0.8743605620129632,2502.0
