,precision,recall,f1-score,support
False,0.0410783055198973,0.7164179104477612,0.07770133549170376,134.0
True,0.9824236817761333,0.4865979381443299,0.6508349931055616,4365.0
accuracy,0.4934429873305179,0.4934429873305179,0.4934429873305179,0.4934429873305179
macro avg,0.5117509936480152,0.6015079242960455,0.3642681642986327,4499.0
weighted avg,0.954386277815623,0.4934429873305179,0.6337645529810323,4499.0
