,precision,recall,f1-score,support
False,0.1637852593266606,0.4699738903394256,0.24291497975708506,383.0
True,0.8741475511469312,0.605410047230571,0.7153729071537291,2329.0
accuracy,0.5862831858407079,0.5862831858407079,0.5862831858407079,0.5862831858407079
macro avg,0.5189664052367959,0.5376919687849984,0.4791439434554071,2712.0
weighted avg,0.7738272127372101,0.5862831858407079,0.6486504196194685,2712.0
