,precision,recall,f1-score,support
False,0.12917254348848142,0.3196625945317045,0.18399464255817846,3438.0
True,0.8074263131895274,0.5696445167286245,0.6680062666030925,17216.0
accuracy,0.52803331073884,0.52803331073884,0.52803331073884,0.52803331073884
macro avg,0.4682994283390044,0.4446535556301645,0.42600045458063546,20654.0
weighted avg,0.6945263199566333,0.52803331073884,0.5874392111433067,20654.0
