,precision,recall,f1-score,support
False,0.2225392296718973,0.3383947939262473,0.2685025817555938,461.0
True,0.6663019693654267,0.5277296360485269,0.5889748549323017,1154.0
accuracy,0.47368421052631576,0.47368421052631576,0.47368421052631576,0.47368421052631576
macro avg,0.44442059951866203,0.43306221498738706,0.4287387183439478,1615.0
weighted avg,0.5396303761773665,0.47368421052631576,0.49749639181498756,1615.0
