,precision,recall,f1-score,support
False,0.0,0.0,0.0,0.0
True,1.0,0.45156208978734574,0.6221739916802315,3809.0
accuracy,0.45156208978734574,0.45156208978734574,0.45156208978734574,0.45156208978734574
macro avg,0.5,0.22578104489367287,0.31108699584011573,3809.0
weighted avg,1.0,0.45156208978734574,0.6221739916802315,3809.0
