,precision,recall,f1-score,support
False,0.04738154613466334,0.4222222222222222,0.08520179372197309,45.0
True,0.9519408502772643,0.5741360089186176,0.7162726008344924,897.0
accuracy,0.5668789808917197,0.5668789808917197,0.5668789808917197,0.5668789808917197
macro avg,0.49966119820596383,0.49817911557041994,0.40073719727823276,942.0
weighted avg,0.9087294185507068,0.5668789808917197,0.6861259062272064,942.0
