,precision,recall,f1
count,23.0,23.0,23.0
mean,0.8138560227290567,0.3124223955503741,0.39028851967745876
std,0.27847813589929327,0.2396969604049024,0.23712853622026997
min,0.0,0.0,0.0
25%,0.7379270303972087,0.17022279884536426,0.24749686132054222
50%,0.9583333333333334,0.26436781609195403,0.3752324284120491
75%,0.9915194730969165,0.4040673211781206,0.4658741207109175
max,1.0,0.9077123050259965,0.9116623150565709
