,precision,recall,f1-score,support
False,0.19729514717581542,0.5807962529274004,0.29453681710213775,427.0
True,0.9339483394833948,0.7149717514124294,0.8099200000000001,3540.0
accuracy,0.7005293672800605,0.7005293672800605,0.7005293672800605,0.7005293672800605
macro avg,0.5656217433296051,0.6478840021699149,0.5522284085510689,3967.0
weighted avg,0.8546564531422463,0.7005293672800605,0.7544451779436887,3967.0
