,precision,recall,f1-score,support
False,0.2875318066157761,1.0,0.44664031620553357,113.0
True,1.0,0.6045197740112994,0.7535211267605634,708.0
accuracy,0.658952496954933,0.658952496954933,0.658952496954933,0.658952496954933
macro avg,0.6437659033078881,0.8022598870056497,0.6000807214830485,821.0
weighted avg,0.9019379953076524,0.658952496954933,0.7112829640410525,821.0
