,precision,recall,f1-score,support
False,0.0,0.0,0.0,407.0
True,0.765282583621684,0.9351656095842142,0.8417380272756106,1419.0
accuracy,0.7267250821467689,0.7267250821467689,0.7267250821467689,0.7267250821467689
macro avg,0.382641291810842,0.4675828047921071,0.4208690136378053,1826.0
weighted avg,0.5947075499228749,0.7267250821467689,0.6541217199912878,1826.0
