,precision,recall,f1-score,support
False,1.0,0.5889029003783102,0.7412698412698412,1586.0
True,0.0,0.0,0.0,0.0
accuracy,0.5889029003783102,0.5889029003783102,0.5889029003783102,0.5889029003783102
macro avg,0.5,0.2944514501891551,0.3706349206349206,1586.0
weighted avg,1.0,0.5889029003783102,0.7412698412698412,1586.0
