,precision,recall,f1-score,support
False,0.5053763440860215,0.18687872763419483,0.2728592162554427,503.0
True,0.3849624060150376,0.735632183908046,0.5054294175715697,348.0
accuracy,0.4112808460634548,0.4112808460634548,0.4112808460634548,0.4112808460634548
macro avg,0.44516937505052956,0.46125545577112037,0.38914431691350615,851.0
weighted avg,0.45613539173737,0.4112808460634548,0.36796430445522205,851.0
