,precision,recall,f1-score,support
False,0.3333333333333333,0.4501915708812261,0.38304808475957625,522.0
True,0.7988787666433076,0.7080745341614907,0.7507408626934475,1610.0
accuracy,0.6449343339587242,0.6449343339587242,0.6449343339587242,0.6449343339587242
macro avg,0.5661060499883205,0.5791330525213584,0.5668944737265119,2132.0
weighted avg,0.6848943781874883,0.6449343339587242,0.6607147697846855,2132.0
