,precision,recall,f1-score,support
False,0.6521739130434783,0.07444168734491315,0.13363028953229397,403.0
True,0.10978520286396182,0.7419354838709677,0.19126819126819125,62.0
accuracy,0.16344086021505377,0.16344086021505377,0.16344086021505377,0.16344086021505377
macro avg,0.38097955795372007,0.40818858560794047,0.1624492404002426,465.0
weighted avg,0.5798554183528761,0.16344086021505377,0.14131534309708027,465.0
