,precision,recall,f1-score,support
False,0.062111801242236024,0.015873015873015872,0.025284450063211124,630.0
True,0.4789915966386555,0.7905686546463245,0.5965463108320251,721.0
accuracy,0.4293116210214656,0.4293116210214656,0.4293116210214656,0.4293116210214656
macro avg,0.27055169894044573,0.40322083525967023,0.31091538044761813,1351.0
weighted avg,0.28459169204965157,0.4293116210214656,0.3301547695408683,1351.0
