,precision,recall,f1-score,support
False,0.02247191011235955,0.3,0.04181184668989547,40.0
True,0.9817112998040496,0.7422222222222222,0.8453318335208099,2025.0
accuracy,0.7336561743341404,0.7336561743341404,0.7336561743341404,0.7336561743341404
macro avg,0.5020916049582046,0.5211111111111111,0.44357184010535267,2065.0
weighted avg,0.96313039152915,0.7336561743341404,0.8297672817177897,2065.0
