,precision,recall,f1-score,support
False,0.04133395960544857,0.6567164179104478,0.07777286787450287,134.0
True,0.980590717299578,0.5324169530355097,0.6901262063845581,4365.0
accuracy,0.5361191375861303,0.5361191375861303,0.5361191375861303,0.5361191375861303
macro avg,0.5109623384525133,0.5945666854729788,0.3839495371295305,4499.0
weighted avg,0.9526155215825268,0.5361191375861303,0.6718876317323361,4499.0
