,precision,recall,f1-score,support
False,0.0,0.0,0.0,0.0
True,1.0,0.5824508320726173,0.7361376673040154,3966.0
accuracy,0.5824508320726173,0.5824508320726173,0.5824508320726173,0.5824508320726173
macro avg,0.5,0.29122541603630864,0.3680688336520077,3966.0
weighted avg,1.0,0.5824508320726173,0.7361376673040154,3966.0
