,precision,recall,f1-score,support
False,0.1639871382636656,0.39947780678851175,0.23252279635258358,383.0
True,0.8707138842046094,0.665092314297982,0.7541382667964948,2329.0
accuracy,0.6275811209439528,0.6275811209439528,0.6275811209439528,0.6275811209439528
macro avg,0.5173505112341374,0.5322850605432469,0.49333053157453916,2712.0
weighted avg,0.7709069728125071,0.6275811209439528,0.6804735451224468,2712.0
