,precision,recall,f1-score,support
False,0.017699115044247787,0.0030257186081694403,0.005167958656330749,661.0
True,0.7286949361877316,0.9409888357256778,0.8213457076566125,1881.0
accuracy,0.6970889063729347,0.6970889063729347,0.6970889063729347,0.6970889063729347
macro avg,0.3731970256159897,0.47200727716692364,0.41325683315647166,2542.0
weighted avg,0.5438136467401145,0.6970889063729347,0.6091138067560671,2542.0
