,precision,recall,f1-score,support
False,0.13799793067770305,0.3103548574752763,0.191047448522829,3438.0
True,0.8165144714440489,0.6128601301115242,0.7001791757913597,17216.0
accuracy,0.5625060520964462,0.5625060520964462,0.5625060520964462,0.5625060520964462
macro avg,0.47725620106087596,0.46160749379340027,0.4456133121570943,20654.0
weighted avg,0.7035707381645535,0.5625060520964462,0.6154307068096027,20654.0
