,precision,recall,f1-score,support
False,0.06227106227106227,0.37777777777777777,0.10691823899371068,45.0
True,0.9581464872944694,0.7146042363433668,0.818646232439336,897.0
accuracy,0.6985138004246284,0.6985138004246284,0.6985138004246284,0.6985138004246284
macro avg,0.5102087747827658,0.5461910070605722,0.4627822357165233,942.0
weighted avg,0.9153498905576825,0.6985138004246284,0.7846464875295132,942.0
