,precision,recall,f1-score,support
False,0.1116564417177914,0.978494623655914,0.2004405286343612,93.0
True,0.994750656167979,0.34360834088848596,0.5107816711590296,1103.0
accuracy,0.39297658862876256,0.39297658862876256,0.39297658862876256,0.39297658862876256
macro avg,0.5532035489428851,0.6610514822722,0.3556110998966954,1196.0
weighted avg,0.9260819588904977,0.39297658862876256,0.4866497930195696,1196.0
