,precision,recall,f1-score,support
False,0.33507853403141363,1.0,0.5019607843137256,320.0
True,1.0,0.23401688781664656,0.37927663734115347,829.0
accuracy,0.44734551784160137,0.44734551784160137,0.44734551784160137,0.44734551784160137
macro avg,0.6675392670157068,0.6170084439083233,0.44061871082743953,1149.0
weighted avg,0.8148173462924737,0.44734551784160137,0.41344454598451563,1149.0
