,precision,recall,f1-score,support
False,0.03461637819684836,1.0,0.066916354556804,134.0
True,1.0,0.14387170675830468,0.25155217304225913,4365.0
accuracy,0.16937097132696155,0.16937097132696155,0.16937097132696155,0.16937097132696155
macro avg,0.5173081890984241,0.5719358533791523,0.15923426379953157,4499.0
weighted avg,0.9712466314021733,0.16937097132696155,0.24605290661037404,4499.0
