,precision,recall,f1-score,support
False,0.531584062196307,0.8682539682539683,0.6594333936106087,630.0
True,0.7422360248447205,0.3314840499306519,0.45829338446788115,721.0
accuracy,0.5817912657290896,0.5817912657290896,0.5817912657290896,0.5817912657290896
macro avg,0.6369100435205137,0.5998690090923101,0.5588633890392449,1351.0
weighted avg,0.6440045396718853,0.5817912657290896,0.552089243653609,1351.0
