,precision,recall,f1-score,support
False,0.37913299044819987,0.9885057471264368,0.5480616038236856,522.0
True,0.9922178988326849,0.4751552795031056,0.6425871482570349,1610.0
accuracy,0.600844277673546,0.600844277673546,0.600844277673546,0.600844277673546
macro avg,0.6856754446404424,0.7318305133147712,0.5953243760403603,2132.0
weighted avg,0.8421098677929564,0.600844277673546,0.6194434643010273,2132.0
