,precision,recall,f1-score,support
False,0.0,1.0,0.0,0.0
True,1.0,0.15279878971255673,0.2650918635170604,3966.0
accuracy,0.15279878971255673,0.15279878971255673,0.15279878971255673,0.15279878971255673
macro avg,0.5,0.5763993948562783,0.1325459317585302,3966.0
weighted avg,1.0,0.15279878971255673,0.2650918635170604,3966.0
