,precision,recall,f1-score,support
False,0.26389315320847406,1.0,0.4175877565893356,3438.0
True,1.0,0.4429600371747212,0.6139602286450366,17216.0
accuracy,0.5356831606468481,0.5356831606468481,0.5356831606468481,0.5356831606468481
macro avg,0.631946576604237,0.7214800185873607,0.5157739926171861,20654.0
weighted avg,0.8774699651753042,0.5356831606468481,0.5812726834272822,20654.0
