,precision,recall,f1-score,support
False,0.14276161818789704,1.0,0.24985371562317146,427.0
True,1.0,0.27570621468926554,0.4322409211691763,3540.0
accuracy,0.35366775901184777,0.35366775901184777,0.35366775901184777,0.35366775901184777
macro avg,0.5713808090939485,0.6378531073446327,0.34104731839617386,3967.0
weighted avg,0.9077285633895216,0.35366775901184777,0.41260912465590577,3967.0
