,precision,recall,f1-score,support
False,1.0,0.9574618929457639,0.9782687432089823,2821.0
True,0.0,1.0,0.0,0.0
accuracy,0.9574618929457639,0.9574618929457639,0.9574618929457639,0.9574618929457639
macro avg,0.5,0.978730946472882,0.48913437160449114,2821.0
weighted avg,1.0,0.9574618929457639,0.9782687432089823,2821.0
