,precision,recall,f1-score,support
False,0.3923611111111111,1.0,0.5635910224438903,113.0
True,1.0,0.7528248587570622,0.8589846897663175,708.0
accuracy,0.7868453105968332,0.7868453105968332,0.7868453105968332,0.7868453105968332
macro avg,0.6961805555555556,0.8764124293785311,0.7112878561051039,821.0
weighted avg,0.9163663892272297,0.7868453105968332,0.8183275833017203,821.0
