,precision,recall,f1-score,support
False,0.7984126984126985,1.0,0.8879082082965578,503.0
True,1.0,0.6350574712643678,0.7768014059753955,348.0
accuracy,0.8507638072855465,0.8507638072855465,0.8507638072855465,0.8507638072855465
macro avg,0.8992063492063492,0.8175287356321839,0.8323548071359766,851.0
weighted avg,0.8808479286740156,0.8507638072855465,0.8424732292040027,851.0
