,precision,recall,f1-score,support
False,0.11770157553290084,1.0,0.21061359867330018,254.0
True,1.0,0.4373522458628842,0.6085526315789473,3384.0
accuracy,0.4766355140186916,0.4766355140186916,0.4766355140186916,0.4766355140186916
macro avg,0.5588507877664504,0.7186761229314421,0.4095831151261238,3638.0
weighted avg,0.9383991754220332,0.4766355140186916,0.5807690927229731,3638.0
