,precision,recall,f1-score,support
False,0.35434782608695653,0.31226053639846746,0.3319755600814664,522.0
True,0.7852870813397129,0.815527950310559,0.8001218769043266,1610.0
accuracy,0.6923076923076923,0.6923076923076923,0.6923076923076923,0.6923076923076923
macro avg,0.5698174537133347,0.5638942433545132,0.5660487184928965,2132.0
weighted avg,0.6797756876990287,0.6923076923076923,0.6855006867628947,2132.0
