,precision,recall,f1-score,support
False,0.0,0.0,0.0,93.0
True,0.9161406672678089,0.9211242067089755,0.9186256781193489,1103.0
accuracy,0.8494983277591973,0.8494983277591973,0.8494983277591973,0.8494983277591973
macro avg,0.4580703336339044,0.4605621033544878,0.45931283905967446,1196.0
weighted avg,0.8449023043448103,0.8494983277591973,0.8471940827471922,1196.0
