,precision,recall,f1-score,support
False,0.30420969023034156,1.0,0.4665042630937881,383.0
True,1.0,0.6238729068269644,0.7683765203595981,2329.0
accuracy,0.6769911504424779,0.6769911504424779,0.6769911504424779,0.6769911504424779
macro avg,0.6521048451151708,0.8119364534134822,0.6174403917266931,2712.0
weighted avg,0.9017375779344472,0.6769911504424779,0.7257448557088587,2712.0
