,precision,recall,f1-score,support
False,0.03437660338635198,1.0,0.06646825396825397,134.0
True,1.0,0.13768613974799543,0.2420459122029803,4365.0
accuracy,0.16336963769726606,0.16336963769726606,0.16336963769726606,0.16336963769726606
macro avg,0.517188301693176,0.5688430698739977,0.15425708308561714,4499.0
weighted avg,0.971239489854139,0.16336963769726606,0.23681643760785842,4499.0
