,precision,recall,f1-score,support
False,0.20250521920668058,0.210412147505423,0.20638297872340428,461.0
True,0.6795774647887324,0.6689774696707106,0.674235807860262,1154.0
accuracy,0.5380804953560372,0.5380804953560372,0.5380804953560372,0.5380804953560372
macro avg,0.4410413419977065,0.4396948085880668,0.44030939329183316,1615.0
weighted avg,0.5433977092386854,0.5380804953560372,0.540687724744416,1615.0
