,precision,recall,f1-score,support
False,0.1242001163467132,1.0,0.2209573091849935,427.0
True,1.0,0.14943502824858756,0.26001474563774885,3540.0
accuracy,0.24098815225611292,0.24098815225611292,0.24098815225611292,0.24098815225611292
macro avg,0.5621000581733566,0.5747175141242937,0.24048602741137118,3967.0
weighted avg,0.9057306402016755,0.24098815225611292,0.25581068076118557,3967.0
