,precision,recall,f1-score,support
False,1.0,0.9588798298475718,0.9790083242851972,2821.0
True,0.0,1.0,0.0,0.0
accuracy,0.9588798298475718,0.9588798298475718,0.9588798298475718,0.9588798298475718
macro avg,0.5,0.9794399149237859,0.4895041621425986,2821.0
weighted avg,1.0,0.9588798298475718,0.9790083242851972,2821.0
