,precision,recall,f1-score,support
False,0.6415816326530612,1.0,0.7816627816627817,503.0
True,1.0,0.1925287356321839,0.3228915662650602,348.0
accuracy,0.6698002350176263,0.6698002350176263,0.6698002350176263,0.6698002350176263
macro avg,0.8207908163265306,0.5962643678160919,0.552277173963921,851.0
weighted avg,0.7881498956809517,0.6698002350176263,0.5940571612651235,851.0
