,precision,recall,f1-score,support
False,0.09164149043303121,0.978494623655914,0.16758747697974216,93.0
True,0.9901477832512315,0.18223028105167724,0.30781010719754975,1103.0
accuracy,0.24414715719063546,0.24414715719063546,0.24414715719063546,0.24414715719063546
macro avg,0.5408946368421313,0.5803624523537956,0.23769879208864597,1196.0
weighted avg,0.9202806551307529,0.24414715719063546,0.2969065080250948,1196.0
