,precision,recall,f1-score,support
False,0.23718439173680184,1.0,0.383426097711812,310.0
True,1.0,0.18144499178981938,0.3071577484364142,1218.0
accuracy,0.3475130890052356,0.3475130890052356,0.3475130890052356,0.3475130890052356
macro avg,0.6185921958684009,0.5907224958949097,0.3452919230741131,1528.0
weighted avg,0.845240288899482,0.3475130890052356,0.32263103919254854,1528.0
