,precision,recall,f1-score,support
False,0.1825525040387722,1.0,0.30874316939890706,113.0
True,1.0,0.2853107344632768,0.44395604395604393,708.0
accuracy,0.38367844092570036,0.38367844092570036,0.38367844092570036,0.38367844092570036
macro avg,0.5912762520193862,0.6426553672316384,0.3763496066774755,821.0
weighted avg,0.8874889560979066,0.38367844092570036,0.4253457457526865,821.0
