,precision,recall,f1-score,support
False,0.275118004045853,0.7816091954022989,0.40698254364089775,522.0
True,0.8243451463790447,0.33229813664596275,0.4736609119079239,1610.0
accuracy,0.4423076923076923,0.4423076923076923,0.4423076923076923,0.4423076923076923
macro avg,0.5497315752124489,0.5569536660241308,0.4403217277744108,2132.0
weighted avg,0.6898720843256084,0.4423076923076923,0.4573353451933894,2132.0
