,precision,recall,f1-score,support
False,0.0,0.0,0.0,194.0
True,0.9164873009040034,0.9224436741767764,0.9194558410710431,2308.0
accuracy,0.8509192645883293,0.8509192645883293,0.8509192645883293,0.8509192645883293
macro avg,0.4582436504520017,0.4612218370883882,0.45972792053552153,2502.0
weighted avg,0.8454247364054516,0.8509192645883293,0.8481631019951908,2502.0
