,precision,recall,f1-score,support
False,0.025046963055729492,1.0,0.04886988393402566,40.0
True,1.0,0.2311111111111111,0.37545126353790614,2025.0
accuracy,0.2460048426150121,0.2460048426150121,0.2460048426150121,0.2460048426150121
macro avg,0.5125234815278648,0.6155555555555555,0.2121605737359659,2065.0
weighted avg,0.9811147111487792,0.2460048426150121,0.3691252319717293,2065.0
