,precision,recall,f1-score,support
False,0.17090584560464078,1.0,0.2919207317073171,383.0
True,1.0,0.20223271790468011,0.3364285714285714,2329.0
accuracy,0.3148967551622419,0.3148967551622419,0.3148967551622419,0.3148967551622419
macro avg,0.5854529228023204,0.6011163589523401,0.3141746515679442,2712.0
weighted avg,0.8829118506145196,0.3148967551622419,0.330142987869117,2712.0
