,precision,recall,f1-score,support
False,0.3309964947421132,1.0,0.4973664409330324,661.0
True,1.0,0.2897395002658161,0.44929925803792253,1881.0
accuracy,0.47442958300550747,0.47442958300550747,0.47442958300550747,0.47442958300550747
macro avg,0.6654982473710566,0.644869750132908,0.4733328494854775,2542.0
weighted avg,0.8260380342346724,0.47442958300550747,0.46179823832654077,2542.0
