,precision,recall,f1-score,support
False,0.03181386514719848,1.0,0.061665899677864705,134.0
True,1.0,0.06575028636884307,0.12338779019776441,4365.0
accuracy,0.09357635030006668,0.09357635030006668,0.09357635030006668,0.09357635030006668
macro avg,0.5159069325735992,0.5328751431844215,0.09252684493781456,4499.0
weighted avg,0.9711631602422148,0.09357635030006668,0.12154944093578028,4499.0
