,precision,recall,f1-score,support
False,0.28966346153846156,0.6398230088495576,0.39878654164368454,1130.0
True,0.6009803921568627,0.25691533948030176,0.3599530240751615,2386.0
accuracy,0.3799772468714448,0.3799772468714448,0.3799772468714448,0.3799772468714448
macro avg,0.44532192684766214,0.44836917416492966,0.379369782859423,3516.0
weighted avg,0.5009268848762047,0.3799772468714448,0.37243364832215553,3516.0
