,precision,recall,f1-score,support
False,0.0,1.0,0.0,0.0
True,1.0,0.04174323969545812,0.08014112903225806,3809.0
accuracy,0.04174323969545812,0.04174323969545812,0.04174323969545812,0.04174323969545812
macro avg,0.5,0.520871619847729,0.04007056451612903,3809.0
weighted avg,1.0,0.04174323969545812,0.08014112903225806,3809.0
