,precision,recall,f1-score,support
False,0.27932203389830507,0.8937093275488069,0.42561983471074377,461.0
True,0.65,0.07885615251299827,0.14064914992272023,1154.0
accuracy,0.31145510835913315,0.31145510835913315,0.31145510835913315,0.31145510835913315
macro avg,0.4646610169491525,0.4862827400309026,0.283134492316732,1615.0
weighted avg,0.544190376239702,0.31145510835913315,0.2219937231036979,1615.0
