,precision,recall,f1-score
mean_true_class,0.8986564809553286,0.5815061578407871,0.5967972625459432
mean_false_class,0.505660561351874,0.9659684584119006,0.5829883561352969
mean_weighted,0.9261985608323029,0.6840538060103809,0.717583221955088
