,precision,recall,f1-score,support
False,1.0,0.9936974789915967,0.9968387776606955,952.0
True,0.0,1.0,0.0,0.0
accuracy,0.9936974789915967,0.9936974789915967,0.9936974789915967,0.9936974789915967
macro avg,0.5,0.9968487394957983,0.49841938883034775,952.0
weighted avg,1.0,0.9936974789915967,0.9968387776606955,952.0
