,precision,recall,f1-score,support
False,0.03496503496503497,1.0,0.06756756756756757,40.0
True,1.0,0.45481481481481484,0.6252545824847251,2025.0
accuracy,0.46537530266343824,0.46537530266343824,0.46537530266343824,0.46537530266343824
macro avg,0.5174825174825175,0.7274074074074074,0.3464110750261463,2065.0
weighted avg,0.9813068287644559,0.46537530266343824,0.6144519284427462,2065.0
