,precision,recall,f1-score,support
False,0.7791164658634538,1.0,0.8758465011286682,194.0
True,1.0,0.9761698440207972,0.9879412409559306,2308.0
accuracy,0.978017585931255,0.978017585931255,0.978017585931255,0.978017585931255
macro avg,0.8895582329317269,0.9880849220103987,0.9318938710422995,2502.0
weighted avg,0.9828731392396124,0.978017585931255,0.9792496424241606,2502.0
