,precision,recall,f1-score,support
False,0.0,1.0,0.0,0.0
True,1.0,0.2509845103701759,0.40125918153200424,3809.0
accuracy,0.2509845103701759,0.2509845103701759,0.2509845103701759,0.2509845103701759
macro avg,0.5,0.6254922551850879,0.20062959076600212,3809.0
weighted avg,1.0,0.2509845103701759,0.40125918153200424,3809.0
