,precision,recall,f1-score,support
False,0.6558018252933507,1.0,0.7921259842519685,503.0
True,1.0,0.2413793103448276,0.3888888888888889,348.0
accuracy,0.6897767332549941,0.6897767332549941,0.6897767332549941,0.6897767332549941
macro avg,0.8279009126466754,0.6206896551724138,0.5905074365704287,851.0
weighted avg,0.796555015420159,0.6897767332549941,0.6272299687568431,851.0
