,precision,recall,f1-score,support
False,0.17993630573248406,1.0,0.3049932523616734,113.0
True,1.0,0.2725988700564972,0.4284128745837958,708.0
accuracy,0.37271619975639464,0.37271619975639464,0.37271619975639464,0.37271619975639464
macro avg,0.589968152866242,0.6362994350282486,0.3667030634727346,821.0
weighted avg,0.8871288703383322,0.37271619975639464,0.4114257645824562,821.0
