,precision,recall,f1-score,support
False,0.033192965073074066,1.0,0.06425317669623593,134.0
True,1.0,0.10584192439862543,0.19142324425108762,4365.0
accuracy,0.13247388308513003,0.13247388308513003,0.13247388308513003,0.13247388308513003
macro avg,0.516596482536537,0.5529209621993127,0.12783821047366178,4499.0
weighted avg,0.9712042359012651,0.13247388308513003,0.1876355605319611,4499.0
