,precision,recall,f1-score
mean_true_class,0.8228624940819274,0.26486975438141586,0.34715374098363244
mean_false_class,0.25679478440657844,0.7089029813665126,0.3234591444116192
mean_weighted,0.8053745956181011,0.3967673469232184,0.4143128053803366
