,precision,recall,f1-score,support
False,0.172782874617737,1.0,0.29465449804432853,113.0
True,1.0,0.23587570621468926,0.38171428571428573,708.0
accuracy,0.341047503045067,0.341047503045067,0.341047503045067,0.341047503045067
macro avg,0.5863914373088686,0.6179378531073446,0.33818439187930716,821.0
weighted avg,0.8861442933395911,0.341047503045067,0.3697316352798093,821.0
