,precision,recall,f1-score,support
False,0.2607215793056501,0.7337164750957854,0.3847312908086388,522.0
True,0.7903469079939668,0.32546583850931676,0.4610646722393312,1610.0
accuracy,0.425422138836773,0.425422138836773,0.425422138836773,0.425422138836773
macro avg,0.5255342436498085,0.5295911568025511,0.422897981523985,2132.0
weighted avg,0.6606731642907299,0.425422138836773,0.44237516702975266,2132.0
