,precision,recall,f1-score,support
False,1.0,0.9167717528373266,0.9565789473684211,1586.0
True,0.0,0.0,0.0,0.0
accuracy,0.9167717528373266,0.9167717528373266,0.9167717528373266,0.9167717528373266
macro avg,0.5,0.4583858764186633,0.47828947368421054,1586.0
weighted avg,1.0,0.9167717528373266,0.9565789473684211,1586.0
