,precision,recall,f1-score,support
False,0.1396103896103896,0.22164948453608246,0.17131474103585656,194.0
True,0.931175934366454,0.8851819757365684,0.9075966237227899,2308.0
accuracy,0.8337330135891287,0.8337330135891287,0.8337330135891287,0.8337330135891287
macro avg,0.5353931619884218,0.5534157301363254,0.5394556823793233,2502.0
weighted avg,0.8697995492015153,0.8337330135891287,0.8505068214680876,2502.0
