,precision,recall,f1-score,support
False,0.28152692569870486,0.89587852494577,0.4284232365145228,461.0
True,0.6756756756756757,0.08665511265164645,0.15360983102918585,1154.0
accuracy,0.3176470588235294,0.3176470588235294,0.3176470588235294,0.3176470588235294
macro avg,0.47860130068719026,0.49126681879870826,0.2910165337718543,1615.0
weighted avg,0.563166342090918,0.3176470588235294,0.23205501983955135,1615.0
