,precision,recall,f1-score,support
False,0.10295905958654236,1.0,0.18669606762219773,254.0
True,1.0,0.3460401891252955,0.5141602634467618,3384.0
accuracy,0.3916987355689939,0.3916987355689939,0.3916987355689939,0.3916987355689939
macro avg,0.5514795297932712,0.6730200945626478,0.35042816553447975,3638.0
weighted avg,0.937369873868879,0.3916987355689939,0.4912971777569764,3638.0
