,precision,recall,f1-score,support
False,0.27061170212765956,1.0,0.4259549973835688,407.0
True,1.0,0.22692036645525018,0.36990235496840895,1419.0
accuracy,0.39923329682365827,0.39923329682365827,0.39923329682365827,0.39923329682365827
macro avg,0.6353058510638298,0.6134601832276251,0.39792867617598887,1826.0
weighted avg,0.8374254998718277,0.39923329682365827,0.3823960162296193,1826.0
