,precision,recall,f1-score,support
False,0.5215231788079471,1.0,0.6855277475516867,630.0
True,1.0,0.19833564493758668,0.33101851851851855,721.0
accuracy,0.5721687638786085,0.5721687638786085,0.5721687638786085,0.5721687638786085
macro avg,0.7607615894039735,0.5991678224687933,0.5082731330351026,1351.0
weighted avg,0.7768760937446385,0.5721687638786085,0.49633370304175756,1351.0
