,precision,recall,f1-score,support
False,0.2874064837905237,1.0,0.4464891041162228,461.0
True,1.0,0.009532062391681109,0.01888412017167382,1154.0
accuracy,0.29226006191950465,0.29226006191950465,0.29226006191950465,0.29226006191950465
macro avg,0.6437032418952618,0.5047660311958405,0.2326866121439483,1615.0
weighted avg,0.7965909529581618,0.29226006191950465,0.1409434994895915,1615.0
