,precision,recall,f1-score,support
False,0.18688845401174167,1.0,0.31492168178070895,3438.0
True,1.0,0.13115706319702602,0.231898942179316,17216.0
accuracy,0.2757819308608502,0.2757819308608502,0.2757819308608502,0.2757819308608502
macro avg,0.5934442270058709,0.565578531598513,0.2734103119800125,20654.0
weighted avg,0.8646520046912156,0.2757819308608502,0.24571864677646857,20654.0
