,precision,recall,f1-score,support
False,0.08,0.28346456692913385,0.12478336221837089,254.0
True,0.9335281227173119,0.7553191489361702,0.8350212348905586,3384.0
accuracy,0.7223749312809236,0.7223749312809236,0.7223749312809236,0.7223749312809236
macro avg,0.5067640613586559,0.5193918579326521,0.47990229855446476,3638.0
weighted avg,0.8739359998008202,0.7223749312809236,0.7854334339948094,3638.0
