,precision,recall,f1-score,support
False,0.042305129913391075,0.9477611940298507,0.08099489795918367,134.0
True,0.9953239812959251,0.3413516609392898,0.5083589218696691,4365.0
accuracy,0.3594132029339853,0.3594132029339853,0.3594132029339853,0.3594132029339853
macro avg,0.5188145556046581,0.6445564274845703,0.2946769099144264,4499.0
weighted avg,0.9669388899233403,0.3594132029339853,0.49563014231776753,4499.0
