,precision,recall,f1-score,support
False,0.03576751117734724,0.5333333333333333,0.0670391061452514,45.0
True,0.922509225092251,0.2787068004459309,0.42808219178082185,897.0
accuracy,0.2908704883227176,0.2908704883227176,0.2908704883227176,0.2908704883227176
macro avg,0.4791383681347991,0.4060200668896321,0.24756064896303662,942.0
weighted avg,0.8801489521345326,0.2908704883227176,0.410834910619887,942.0
