,precision,recall,f1-score,support
False,0.14004591669399805,1.0,0.2456846950517837,427.0
True,1.0,0.2593220338983051,0.41184387617765816,3540.0
accuracy,0.3390471388958911,0.3390471388958911,0.3390471388958911,0.3390471388958911
macro avg,0.570022958346999,0.6296610169491526,0.32876428561472093,3967.0
weighted avg,0.9074362506751543,0.3390471388958911,0.3939588319778224,3967.0
