,precision,recall,f1-score,support
False,1.0,0.772066643034385,0.871374274854971,2821.0
True,0.0,1.0,0.0,0.0
accuracy,0.772066643034385,0.772066643034385,0.772066643034385,0.772066643034385
macro avg,0.5,0.8860333215171925,0.4356871374274855,2821.0
weighted avg,1.0,0.772066643034385,0.871374274854971,2821.0
