,precision,recall,f1-score,support
False,0.13517665130568357,0.946236559139785,0.23655913978494625,93.0
True,0.9908256880733946,0.48957388939256574,0.6553398058252428,1103.0
accuracy,0.5250836120401338,0.5250836120401338,0.5250836120401338,0.5250836120401338
macro avg,0.5630011696895391,0.7179052242661754,0.4459494728050945,1196.0
weighted avg,0.9242911057829288,0.5250836120401338,0.6227757573789656,1196.0
