,precision,recall,f1-score,support
False,0.544456641053787,0.7873015873015873,0.6437378325762492,630.0
True,0.6954545454545454,0.42441054091539526,0.5271317829457365,721.0
accuracy,0.5936343449296817,0.5936343449296817,0.5936343449296817,0.5936343449296817
macro avg,0.6199555932541663,0.6058560641084912,0.5854348077609928,1351.0
weighted avg,0.625041014904969,0.5936343449296817,0.5815076610117786,1351.0
