,precision,recall,f1-score,support
False,0.030534351145038167,1.0,0.059259259259259255,40.0
True,1.0,0.3728395061728395,0.5431654676258992,2025.0
accuracy,0.38498789346246975,0.38498789346246975,0.38498789346246975,0.38498789346246975
macro avg,0.5152671755725191,0.6864197530864198,0.30121236344257923,2065.0
weighted avg,0.9812210043805334,0.38498789346246975,0.5337919817495479,2065.0
