,precision,recall,f1-score,support
False,0.0,1.0,0.0,0.0
True,1.0,0.09713835652402206,0.1770758554678153,3809.0
accuracy,0.09713835652402206,0.09713835652402206,0.09713835652402206,0.09713835652402206
macro avg,0.5,0.548569178262011,0.08853792773390765,3809.0
weighted avg,1.0,0.09713835652402206,0.1770758554678153,3809.0
