,precision,recall,f1-score,support
False,0.29780361757105944,1.0,0.45893479342956695,461.0
True,1.0,0.05805892547660312,0.10974610974610975,1154.0
accuracy,0.3269349845201238,0.3269349845201238,0.3269349845201238,0.3269349845201238
macro avg,0.6489018087855297,0.5290294627383015,0.2843404515878383,1615.0
weighted avg,0.7995588035295716,0.3269349845201238,0.20942164112572198,1615.0
