,precision,recall,f1-score,support
False,1.0,0.7734845799361928,0.8722766340195883,2821.0
True,0.0,1.0,0.0,0.0
accuracy,0.7734845799361928,0.7734845799361928,0.7734845799361928,0.7734845799361928
macro avg,0.5,0.8867422899680963,0.43613831700979416,2821.0
weighted avg,1.0,0.7734845799361928,0.8722766340195883,2821.0
