,precision,recall,f1-score,support
False,0.11764705882352941,1.0,0.21052631578947367,254.0
True,1.0,0.4370567375886525,0.608266502159161,3384.0
accuracy,0.4763606377130291,0.4763606377130291,0.4763606377130291,0.4763606377130291
macro avg,0.5588235294117647,0.7185283687943262,0.40939640897431734,3638.0
weighted avg,0.9383953691427094,0.4763606377130291,0.5804968464862912,3638.0
