,precision,recall,f1-score,support
False,0.048701298701298704,1.0,0.09287925696594428,45.0
True,1.0,0.020066889632107024,0.03934426229508197,897.0
accuracy,0.06687898089171974,0.06687898089171974,0.06687898089171974,0.06687898089171974
macro avg,0.5243506493506493,0.5100334448160535,0.06611175963051312,942.0
weighted avg,0.9545557945239473,0.06687898089171974,0.04190166649910406,942.0
