,precision,recall,f1
count,23.0,23.0,23.0
mean,0.8228624940819274,0.26486975438141586,0.3471537409836325
std,0.27913694749332246,0.21890956261883188,0.23349772704206878
min,0.0,0.0,0.0
25%,0.73216325123365,0.13596778555949135,0.20194180615729956
50%,0.9767441860465116,0.20504009163802978,0.33870967741935487
75%,0.9965904717722167,0.38853937086756163,0.42408072321643975
max,1.0,0.8851819757365684,0.9075966237227899
