,precision,recall,f1-score,support
False,0.02027027027027027,0.010416666666666666,0.013761467889908258,288.0
True,0.813847158719791,0.8957584471603163,0.8528405201916496,1391.0
accuracy,0.7438951756998213,0.7438951756998213,0.7438951756998213,0.7438951756998213
macro avg,0.4170587144950306,0.45308755691349145,0.43330099404077893,1679.0
weighted avg,0.6777243809512015,0.7438951756998213,0.708912725633638,1679.0
