,precision,recall,f1-score,support
False,0.047619047619047616,0.07142857142857142,0.057142857142857134,112.0
True,0.3375796178343949,0.24882629107981222,0.2864864864864865,213.0
accuracy,0.18769230769230769,0.18769230769230769,0.18769230769230769,0.18769230769230769
macro avg,0.19259933272672125,0.16012743125419182,0.1718146718146718,325.0
weighted avg,0.23765474440633674,0.18769230769230769,0.20745114345114346,325.0
