,precision,recall,f1-score,support
False,0.6487804878048781,0.9803439803439803,0.7808219178082191,407.0
True,0.9933938893476466,0.8477801268498943,0.914828897338403,1419.0
accuracy,0.8773274917853231,0.8773274917853231,0.8773274917853231,0.8773274917853231
macro avg,0.8210871885762623,0.9140620535969373,0.847825407573311,1826.0
weighted avg,0.9165824685218488,0.8773274917853231,0.8849598717804704,1826.0
