,precision,recall,f1-score,support
False,0.1897918731417245,1.0,0.31903373594335693,383.0
True,1.0,0.2979819665092314,0.4591465431690374,2329.0
accuracy,0.3971238938053097,0.3971238938053097,0.3971238938053097,0.3971238938053097
macro avg,0.5948959365708623,0.6489909832546157,0.3890901395561972,2712.0
weighted avg,0.8855790145329206,0.3971238938053097,0.43935922562942253,2712.0
