,precision,recall,f1-score,support
False,0.0,1.0,0.0,0.0
True,1.0,0.2579425113464448,0.4101022248947685,3966.0
accuracy,0.2579425113464448,0.2579425113464448,0.2579425113464448,0.2579425113464448
macro avg,0.5,0.6289712556732224,0.20505111244738425,3966.0
weighted avg,1.0,0.2579425113464448,0.4101022248947685,3966.0
