,precision,recall,f1-score,support
False,0.0,1.0,0.0,0.0
True,1.0,0.2089787345760042,0.3457111834961998,3809.0
accuracy,0.2089787345760042,0.2089787345760042,0.2089787345760042,0.2089787345760042
macro avg,0.5,0.6044893672880021,0.1728555917480999,3809.0
weighted avg,1.0,0.2089787345760042,0.3457111834961998,3809.0
