,precision,recall,f1-score,support
False,0.1795275590551181,0.8009367681498829,0.2933104631217839,427.0
True,0.9587778855480117,0.5584745762711865,0.70581935023206,3540.0
accuracy,0.584572724981094,0.584572724981094,0.584572724981094,0.584572724981094
macro avg,0.5691527223015649,0.6797056722105347,0.49956490667692194,3967.0
weighted avg,0.8749009282975793,0.584572724981094,0.6614177130260888,3967.0
