,precision,recall,f1-score
mean_true_class,0.7503632958139547,0.5724184284433693,0.6119114599401153
mean_false_class,0.18843049741789028,0.3573621392226611,0.19119131142929388
mean_weighted,0.740049889544741,0.5393230531599595,0.5864845935848617
