,precision,recall,f1-score,support
False,1.0,0.8417402269861286,0.9140705237932214,1586.0
True,0.0,0.0,0.0,0.0
accuracy,0.8417402269861286,0.8417402269861286,0.8417402269861286,0.8417402269861286
macro avg,0.5,0.4208701134930643,0.4570352618966107,1586.0
weighted avg,1.0,0.8417402269861286,0.9140705237932214,1586.0
