,precision,recall,f1-score,support
False,0.0,0.0,0.0,407.0
True,0.756578947368421,0.8914728682170543,0.8185053380782918,1419.0
accuracy,0.6927710843373494,0.6927710843373494,0.6927710843373494,0.6927710843373494
macro avg,0.3782894736842105,0.44573643410852715,0.4092526690391459,1826.0
weighted avg,0.587943880786303,0.6927710843373494,0.6360674012777087,1826.0
