,precision,recall,f1-score,support
False,0.6212121212121212,0.10173697270471464,0.1748400852878465,403.0
True,0.09273182957393483,0.5967741935483871,0.16052060737527113,62.0
accuracy,0.16774193548387098,0.16774193548387098,0.16774193548387098,0.16774193548387098
macro avg,0.35697197539302805,0.34925558312655086,0.16768034633155882,465.0
weighted avg,0.5507480823270297,0.16774193548387098,0.1729308215661698,465.0
