,precision,recall,f1-score,support
False,0.08415841584158416,0.2677165354330709,0.128060263653484,254.0
True,0.9342756183745583,0.7813238770685579,0.8509816543289347,3384.0
accuracy,0.7454645409565696,0.7454645409565696,0.7454645409565696,0.7454645409565696
macro avg,0.5092170171080712,0.5245202062508144,0.48952095899120934,3638.0
weighted avg,0.8749216410674182,0.7454645409565696,0.8005083081960142,3638.0
