,precision,recall,f1-score,support
False,0.28447339847991315,0.5019157088122606,0.3631323631323632,522.0
True,0.7853014037985137,0.5906832298136646,0.6742289968096421,1610.0
accuracy,0.5689493433395872,0.5689493433395872,0.5689493433395872,0.5689493433395872
macro avg,0.5348874011392134,0.5462994693129626,0.5186806799710026,2132.0
weighted avg,0.6626784118771677,0.5689493433395872,0.5980599335922221,2132.0
