,precision,recall,f1-score,support
False,0.5261324041811847,0.30019880715705766,0.3822784810126582,503.0
True,0.375886524822695,0.6091954022988506,0.4649122807017544,348.0
accuracy,0.42655699177438305,0.42655699177438305,0.42655699177438305,0.42655699177438305
macro avg,0.45100946450193985,0.4546971047279541,0.42359538085720627,851.0
weighted avg,0.4646922561003923,0.42655699177438305,0.4160699760676587,851.0
