,precision,recall,f1-score,support
False,0.0,0.0,0.0,320.0
True,0.699812382739212,0.8998793727382388,0.7873350923482849,829.0
accuracy,0.6492602262837249,0.6492602262837249,0.6492602262837249,0.6492602262837249
macro avg,0.349906191369606,0.4499396863691194,0.39366754617414246,1149.0
weighted avg,0.5049125024289005,0.6492602262837249,0.568059870806552,1149.0
