,precision,recall,f1-score,support
False,0.38016528925619836,0.36507936507936506,0.3724696356275303,630.0
True,0.46380697050938335,0.4798890429958391,0.4717109747784594,721.0
accuracy,0.42635085122131755,0.42635085122131755,0.42635085122131755,0.42635085122131755
macro avg,0.42198612988279083,0.4224842040376021,0.42209030520299484,1351.0
weighted avg,0.4248030776970173,0.42635085122131755,0.42543263009667903,1351.0
