,precision,recall,f1-score,support
False,0.0,0.0,0.0,0.0
True,1.0,0.5211800302571861,0.6852312282446544,3966.0
accuracy,0.5211800302571861,0.5211800302571861,0.5211800302571861,0.5211800302571861
macro avg,0.5,0.26059001512859303,0.3426156141223272,3966.0
weighted avg,1.0,0.5211800302571861,0.6852312282446544,3966.0
