,precision,recall,f1-score,support
False,0.019756838905775075,0.325,0.03724928366762178,40.0
True,0.9808102345415778,0.6814814814814815,0.8041958041958043,2025.0
accuracy,0.6745762711864407,0.6745762711864407,0.6745762711864407,0.6745762711864407
macro avg,0.5002835367236764,0.5032407407407408,0.42072254393171304,2065.0
weighted avg,0.9621941881370102,0.6745762711864407,0.7893396972606337,2065.0
