,precision,recall,f1-score,support
False,0.02834008097165992,0.01059001512859304,0.015418502202643172,661.0
True,0.7150326797385621,0.8724082934609251,0.7859195402298851,1881.0
accuracy,0.6483084185680567,0.6483084185680567,0.6483084185680567,0.6483084185680567
macro avg,0.37168638035511103,0.44149915429475906,0.40066902121626413,2542.0
weighted avg,0.5364709929624322,0.6483084185680567,0.5855650216870028,2542.0
