,precision,recall,f1-score,support
False,0.22082018927444794,0.18584070796460178,0.20182604517059105,1130.0
True,0.6413255360623782,0.6894383906119028,0.6645122197535851,2386.0
accuracy,0.5275881683731513,0.5275881683731513,0.5275881683731513,0.5275881683731513
macro avg,0.43107286266841305,0.4376395492882523,0.4331691324620881,3516.0
weighted avg,0.5061801885452106,0.5275881683731514,0.5158104628483566,3516.0
