,precision,recall,f1-score,support
False,0.03853211009174312,0.4666666666666667,0.07118644067796609,45.0
True,0.9395465994962217,0.4158305462653289,0.5765069551777434,897.0
accuracy,0.4182590233545648,0.4182590233545648,0.4182590233545648,0.4182590233545648
macro avg,0.4890393547939824,0.4412486064659978,0.32384669792785475,942.0
weighted avg,0.8965045060533325,0.4182590233545648,0.5523674401538687,942.0
