,precision,recall,f1-score,support
False,0.1304099142040038,0.39790575916230364,0.19643882825962086,3438.0
True,0.7963400236127509,0.4701440520446097,0.5912344777209643,17216.0
accuracy,0.45811949259223395,0.45811949259223395,0.45811949259223395,0.45811949259223395
macro avg,0.46337496890837737,0.43402490560345663,0.3938366529902926,20654.0
weighted avg,0.6854913881839103,0.45811949259223395,0.5255180333107726,20654.0
