,precision,recall,f1-score,support
False,0.05150214592274678,0.26666666666666666,0.08633093525179857,45.0
True,0.9534555712270804,0.7536231884057971,0.8418430884184309,897.0
accuracy,0.7303609341825902,0.7303609341825902,0.7303609341825902,0.7303609341825902
macro avg,0.5024788585749136,0.5101449275362319,0.46408701183511475,942.0
weighted avg,0.910368624158402,0.7303609341825902,0.8057517435219358,942.0
