,precision,recall,f1-score,support
False,0.3172252533125487,1.0,0.48165680473372774,407.0
True,1.0,0.38266384778012685,0.5535168195718654,1419.0
accuracy,0.52026286966046,0.52026286966046,0.52026286966046,0.52026286966046
macro avg,0.6586126266562744,0.6913319238900635,0.5175868121527966,1826.0
weighted avg,0.8478152673046042,0.52026286966046,0.5374998283127624,1826.0
