,precision,recall,f1-score,support
False,0.40227839088643647,1.0,0.5737496826605738,1130.0
True,1.0,0.29631181894383907,0.4571613320400905,2386.0
accuracy,0.5224687144482366,0.5224687144482366,0.5224687144482366,0.5224687144482366
macro avg,0.7011391954432182,0.6481559094719196,0.5154555073503322,3516.0
weighted avg,0.8078994828503052,0.5224687144482366,0.4946314219721571,3516.0
