,precision,recall,f1-score,support
False,0.20627261761158022,0.8929503916449086,0.33512983831455173,383.0
True,0.961100569259962,0.43495062258480033,0.598876736624298,2329.0
accuracy,0.4996312684365782,0.4996312684365782,0.4996312684365782,0.4996312684365782
macro avg,0.5836865934357711,0.6639505071148545,0.4670032874694249,2712.0
weighted avg,0.8545006041119789,0.4996312684365782,0.5616292948644777,2712.0
