,precision,recall,f1-score,support
False,1.0,0.9957983193277311,0.9978947368421053,952.0
True,0.0,1.0,0.0,0.0
accuracy,0.9957983193277311,0.9957983193277311,0.9957983193277311,0.9957983193277311
macro avg,0.5,0.9978991596638656,0.49894736842105264,952.0
weighted avg,1.0,0.9957983193277311,0.9978947368421053,952.0
