,precision,recall,f1-score,support
False,0.44752818733738076,0.9885057471264368,0.6161194029850746,522.0
True,0.9938712972420838,0.6043478260869565,0.7516415604480495,1610.0
accuracy,0.698405253283302,0.698405253283302,0.698405253283302,0.698405253283302
macro avg,0.7206997422897323,0.7964267866066966,0.683880481716562,2132.0
weighted avg,0.8601043632035027,0.698405253283302,0.718460244221186,2132.0
