,precision,recall,f1-score,support
False,0.6484149855907781,0.7142857142857143,0.6797583081570997,630.0
True,0.726027397260274,0.6615811373092927,0.6923076923076924,721.0
accuracy,0.6861584011843079,0.6861584011843079,0.6861584011843079,0.6861584011843079
macro avg,0.6872211914255261,0.6879334257975035,0.686033000232396,1351.0
weighted avg,0.6898350809377112,0.6861584011843079,0.6864556478851362,1351.0
