,precision,recall,f1-score
mean_true_class,0.8760425357919275,0.7152143272917717,0.7242144894596206
mean_false_class,0.44329808947004623,0.7530610385855556,0.47934051290031854
mean_weighted,0.8748673253360508,0.7538058653249278,0.7727668925314587
