,precision,recall,f1-score,support
False,0.8507462686567164,0.9803439803439803,0.910958904109589,407.0
True,0.9941046425939573,0.9506694855532065,0.9719020172910663,1419.0
accuracy,0.9572836801752465,0.9572836801752465,0.9572836801752465,0.9572836801752465
macro avg,0.9224254556253368,0.9655067329485933,0.9414304607003277,1826.0
weighted avg,0.9621512700898734,0.9572836801752465,0.958318311340978,1826.0
