,precision,recall,f1-score,support
False,0.35240963855421686,0.22413793103448276,0.2740046838407494,522.0
True,0.775,0.8664596273291926,0.8181818181818181,1610.0
accuracy,0.7091932457786116,0.7091932457786116,0.7091932457786116,0.7091932457786116
macro avg,0.5637048192771085,0.5452987791818377,0.5460932510112837,2132.0
weighted avg,0.6715327539049255,0.7091932457786116,0.6849452027380856,2132.0
