,precision,recall,f1-score,support
False,0.0,1.0,0.0,0.0
True,1.0,0.7544125063035805,0.8600172463351539,3966.0
accuracy,0.7544125063035805,0.7544125063035805,0.7544125063035805,0.7544125063035805
macro avg,0.5,0.8772062531517902,0.43000862316757693,3966.0
weighted avg,1.0,0.7544125063035805,0.8600172463351539,3966.0
