,precision,recall,f1-score,support
False,0.6739130434782609,1.0,0.8051948051948052,310.0
True,1.0,0.8768472906403941,0.9343832020997376,1218.0
accuracy,0.9018324607329843,0.9018324607329843,0.9018324607329843,0.9018324607329843
macro avg,0.8369565217391304,0.9384236453201971,0.8697890036472714,1528.0
weighted avg,0.9338436148417938,0.9018324607329843,0.9081735142459881,1528.0
