,precision,recall,f1-score,support
False,0.8295218295218295,0.9803439803439803,0.8986486486486487,407.0
True,0.9940520446096655,0.9422128259337562,0.967438494934877,1419.0
accuracy,0.9507119386637459,0.9507119386637459,0.9507119386637459,0.9507119386637459
macro avg,0.9117869370657474,0.9612784031388683,0.9330435717917629,1826.0
weighted avg,0.9573796472708104,0.9507119386637459,0.9521058183530069,1826.0
