,precision,recall,f1-score,support
False,0.4651653764954258,1.0,0.6349663784822286,661.0
True,1.0,0.5959595959595959,0.7468354430379746,1881.0
accuracy,0.7010228166797797,0.7010228166797797,0.7010228166797797,0.7010228166797797
macro avg,0.7325826882477129,0.797979797979798,0.6909009107601016,2542.0
weighted avg,0.8609261659573078,0.7010228166797797,0.717745965590552,2542.0
