,precision,recall,f1-score,support
False,0.0,0.0,0.0,320.0
True,0.7158081705150977,0.9722557297949337,0.8245524296675192,829.0
accuracy,0.70147954743255,0.70147954743255,0.70147954743255,0.70147954743255
macro avg,0.35790408525754885,0.48612786489746684,0.4122762148337596,1149.0
weighted avg,0.5164534145840001,0.70147954743255,0.5949120663136409,1149.0
