,precision,recall,f1-score,support
False,0.0,1.0,0.0,0.0
True,1.0,0.7002017145738779,0.8236689900637698,3966.0
accuracy,0.7002017145738779,0.7002017145738779,0.7002017145738779,0.7002017145738779
macro avg,0.5,0.850100857286939,0.4118344950318849,3966.0
weighted avg,1.0,0.7002017145738779,0.8236689900637698,3966.0
