,precision,recall,f1-score,support
False,0.029917726252804786,1.0,0.05809731299927379,40.0
True,1.0,0.3595061728395062,0.5288775880857247,2025.0
accuracy,0.37191283292978206,0.37191283292978206,0.37191283292978206,0.37191283292978206
macro avg,0.5149588631264024,0.6797530864197531,0.29348745054249925,2065.0
weighted avg,0.9812090600726936,0.37191283292978206,0.5197583575755755,2065.0
