,precision,recall,f1-score,support
False,0.07017543859649122,0.17777777777777778,0.10062893081761005,45.0
True,0.9553140096618358,0.8818283166109253,0.9171014492753623,897.0
accuracy,0.8481953290870489,0.8481953290870489,0.8481953290870489,0.8481953290870489
macro avg,0.5127447241291635,0.5298030471943516,0.5088651900464862,942.0
weighted avg,0.913030319961262,0.8481953290870489,0.8780979850178263,942.0
