,precision,recall,f1-score,support
False,0.11599277162864242,0.2987201861547411,0.16710055320533682,3438.0
True,0.795677966101695,0.5453647769516728,0.6471601874827682,17216.0
accuracy,0.5043090926697008,0.5043090926697008,0.5043090926697008,0.5043090926697008
macro avg,0.4558353688651687,0.422042481553207,0.4071303703440525,20654.0
weighted avg,0.6825397023949866,0.5043090926697008,0.5672509678330243,20654.0
