,precision,recall,f1-score,support
False,0.0,1.0,0.0,0.0
True,1.0,0.7519033867156734,0.8583845346920426,3809.0
accuracy,0.7519033867156734,0.7519033867156734,0.7519033867156734,0.7519033867156734
macro avg,0.5,0.8759516933578366,0.4291922673460213,3809.0
weighted avg,1.0,0.7519033867156734,0.8583845346920426,3809.0
