,precision,recall,f1
count,23.0,23.0,23.0
mean,0.7555218623977196,0.9068887493013327,0.8050349606264365
std,0.26506893962175393,0.2019798932088438,0.24127760510269322
min,0.0,0.0,0.0
25%,0.7087957509637228,0.919772804666795,0.8080563280833081
50%,0.8338567839195979,0.9515527950310559,0.8857247170500182
75%,0.9281247789296433,0.9802283506226026,0.9391423193248074
max,1.0,0.998936735778841,0.9733153638814016
