,precision,recall,f1-score,support
False,1.0,0.9585253456221198,0.9788235294117648,2821.0
True,0.0,1.0,0.0,0.0
accuracy,0.9585253456221198,0.9585253456221198,0.9585253456221198,0.9585253456221198
macro avg,0.5,0.9792626728110598,0.4894117647058824,2821.0
weighted avg,1.0,0.9585253456221198,0.9788235294117648,2821.0
