,precision,recall,f1-score,support
False,0.6343402225755167,0.9803439803439803,0.7702702702702702,407.0
True,0.9933166248955723,0.8379140239605356,0.9090214067278288,1419.0
accuracy,0.8696604600219058,0.8696604600219058,0.8696604600219058,0.8696604600219058
macro avg,0.8138284237355444,0.909129002152258,0.8396458384990495,1826.0
weighted avg,0.9133038123302587,0.8696604600219058,0.8780949486017465,1826.0
