,precision,recall,f1-score,support
False,0.2955665024630542,0.6896551724137931,0.41379310344827586,522.0
True,0.8227571115973742,0.4670807453416149,0.595879556259905,1610.0
accuracy,0.5215759849906192,0.5215759849906192,0.5215759849906192,0.5215759849906192
macro avg,0.5591618070302142,0.578367958877704,0.5048363298540904,2132.0
weighted avg,0.6936794859087648,0.5215759849906192,0.5512974134983335,2132.0
