,precision,recall,f1-score,support
False,0.026525198938992044,1.0,0.0516795865633075,40.0
True,1.0,0.2750617283950617,0.4314484895429899,2025.0
accuracy,0.2891041162227603,0.2891041162227603,0.2891041162227603,0.2891041162227603
macro avg,0.513262599469496,0.6375308641975308,0.24156403805314872,2065.0
weighted avg,0.9811433452578981,0.2891041162227603,0.4240921911801874,2065.0
