,precision,recall,f1-score,support
False,0.38928150765606595,1.0,0.5604069520983467,661.0
True,1.0,0.44869750132908026,0.6194495412844037,1881.0
accuracy,0.5920535011801731,0.5920535011801731,0.5920535011801731,0.5920535011801731
macro avg,0.694640753828033,0.7243487506645401,0.5899282466913751,2542.0
weighted avg,0.8411939718964043,0.5920535011801731,0.6040966099500277,2542.0
