,precision,recall,f1-score,support
False,0.2654569892473118,0.3495575221238938,0.3017570664629488,1130.0
True,0.6375739644970414,0.5419111483654652,0.5858631626642501,2386.0
accuracy,0.4800910125142207,0.4800910125142207,0.4800910125142207,0.4800910125142207
macro avg,0.45151547687217664,0.4457343352446795,0.4438101145635994,3516.0
weighted avg,0.5179800560692273,0.4800910125142207,0.49455488942549286,3516.0
