,precision,recall,f1-score,support
False,0.0,1.0,0.0,0.0
True,1.0,0.14334470989761092,0.25074626865671645,3809.0
accuracy,0.14334470989761092,0.14334470989761092,0.14334470989761092,0.14334470989761092
macro avg,0.5,0.5716723549488054,0.12537313432835823,3809.0
weighted avg,1.0,0.14334470989761092,0.25074626865671645,3809.0
