,precision,recall,f1-score,support
False,0.07116788321167883,0.12580645161290321,0.09090909090909091,310.0
True,0.7234693877551021,0.5821018062397373,0.6451319381255687,1218.0
accuracy,0.4895287958115183,0.4895287958115183,0.4895287958115183,0.4895287958115183
macro avg,0.3973186354833904,0.3539541289263203,0.3680205145173298,1528.0
weighted avg,0.5911307317286222,0.4895287958115183,0.5326914390175136,1528.0
