,precision,recall,f1-score,support
False,0.08319467554076539,0.5376344086021505,0.14409221902017288,93.0
True,0.9277310924369748,0.5004533091568449,0.6501766784452296,1103.0
accuracy,0.5033444816053512,0.5033444816053512,0.5033444816053512,0.5033444816053512
macro avg,0.5054628839888701,0.5190438588794977,0.39713444873270126,1196.0
weighted avg,0.8620606185478883,0.5033444816053512,0.6108239571019769,1196.0
