,precision,recall,f1-score,support
False,0.16612377850162866,0.6657963446475196,0.2659019812304484,383.0
True,0.8912489379779099,0.45040790038643197,0.5984027381631489,2329.0
accuracy,0.4808259587020649,0.4808259587020649,0.4808259587020649,0.4808259587020649
macro avg,0.5286863582397693,0.5581021225169758,0.43215235969679866,2712.0
weighted avg,0.7888437255592463,0.4808259587020649,0.5514455884930809,2712.0
