,precision,recall,f1-score,support
False,0.04439592430858806,0.9104477611940298,0.08466342817487854,134.0
True,0.9931467732724157,0.3983963344788087,0.5686723348593852,4365.0
accuracy,0.4136474772171594,0.4136474772171594,0.4136474772171594,0.4136474772171594
macro avg,0.5187713487905019,0.6544220478364192,0.3266678815171319,4499.0
weighted avg,0.9648888017762715,0.41364747721715933,0.5542564216574016,4499.0
