,precision,recall,f1
count,23.0,23.0,23.0
mean,0.7675457425498599,0.4864502173942624,0.5494689244867
std,0.27186150977380935,0.23694398167534508,0.21424941800230374
min,0.0,0.0,0.0
25%,0.6635763386396527,0.34565316501180265,0.45879067896918424
50%,0.8016260162601626,0.40476190476190477,0.5180976103370436
75%,0.9694985641449794,0.6412034191218321,0.6884614864499379
max,1.0,0.9519064124783362,0.9350925728878485
