,precision,recall,f1-score,support
False,0.3292181069958848,1.0,0.4953560371517028,320.0
True,1.0,0.2135102533172497,0.3518886679920477,829.0
accuracy,0.43255004351610093,0.43255004351610093,0.43255004351610093,0.43255004351610093
macro avg,0.6646090534979424,0.6067551266586249,0.42362235257187525,1149.0
weighted avg,0.8131851995114735,0.43255004351610093,0.3918447673228481,1149.0
