,precision,recall,f1-score,support
False,0.3678385416666667,1.0,0.5378391242265588,1130.0
True,1.0,0.18608549874266556,0.3137809187279152,2386.0
accuracy,0.44766780432309444,0.44766780432309444,0.44766780432309444,0.44766780432309444
macro avg,0.6839192708333334,0.5930427493713328,0.425810021477237,3516.0
weighted avg,0.7968309306266591,0.44766780432309444,0.3857905240218479,3516.0
