,precision,recall,f1-score,support
False,0.29103535353535354,1.0,0.45085574572127135,461.0
True,1.0,0.026863084922010397,0.05232067510548523,1154.0
accuracy,0.3046439628482972,0.3046439628482972,0.3046439628482972,0.3046439628482972
macro avg,0.6455176767676768,0.5134315424610052,0.2515882104133783,1615.0
weighted avg,0.7976268098946118,0.3046439628482972,0.16608207916361367,1615.0
