,precision,recall,f1-score,support
False,0.207,0.4847775175644028,0.29011913104414855,427.0
True,0.9258510279743849,0.7759887005649717,0.8443214999231596,3540.0
accuracy,0.7446433072851021,0.7446433072851021,0.7446433072851021,0.7446433072851021
macro avg,0.5664255139871924,0.6303831090646872,0.5672203154836541,3967.0
weighted avg,0.8484753312400611,0.7446433072851021,0.7846682577977909,3967.0
