,precision,recall,f1-score
mean_true_class,0.7927482108343699,0.7874113771603146,0.761778243747348
mean_false_class,0.14299922419048794,0.20493049339082922,0.12483976704812988
mean_weighted,0.7275724396036584,0.6508632399005843,0.6595307283996342
