,precision,recall,f1-score,support
False,0.06666666666666667,0.02903225806451613,0.04044943820224719,310.0
True,0.7839195979899497,0.896551724137931,0.8364611260053619,1218.0
accuracy,0.7205497382198953,0.7205497382198953,0.7205497382198953,0.7205497382198953
macro avg,0.4252931323283082,0.4627919911012236,0.4384552821038046,1528.0
weighted avg,0.638403623703158,0.7205497382198953,0.6749666081919028,1528.0
