,precision,recall,f1-score,support
False,0.6428571428571429,0.06699751861042183,0.12134831460674156,403.0
True,0.1111111111111111,0.7580645161290323,0.1938144329896907,62.0
accuracy,0.15913978494623657,0.15913978494623657,0.15913978494623657,0.15913978494623657
macro avg,0.376984126984127,0.412531017369727,0.15758137379821613,465.0
weighted avg,0.5719576719576721,0.15913978494623657,0.13101046372446812,465.0
