,precision,recall,f1-score,support
False,0.09331259720062209,0.23622047244094488,0.13377926421404682,254.0
True,0.9352253756260434,0.8277186761229315,0.8781940743063176,3384.0
accuracy,0.7864211105002749,0.7864211105002749,0.7864211105002749,0.7864211105002749
macro avg,0.5142689864133327,0.5319695742819381,0.5059866692601822,3638.0
weighted avg,0.8764442195732515,0.7864211105002749,0.8262200881151585,3638.0
