,precision,recall,f1-score,support
False,0.5032679738562091,0.15308151093439365,0.2347560975609756,503.0
True,0.38968481375358166,0.7816091954022989,0.5200764818355641,348.0
accuracy,0.4101057579318449,0.4101057579318449,0.4101057579318449,0.4101057579318449
macro avg,0.4464763938048954,0.46734535316834624,0.37741628969826985,851.0
weighted avg,0.45682033611741435,0.4101057579318449,0.35143235341004353,851.0
