,precision,recall,f1-score,support
False,0.31301939058171746,1.0,0.47679324894514774,113.0
True,1.0,0.6497175141242938,0.7876712328767124,708.0
accuracy,0.6979293544457978,0.6979293544457978,0.6979293544457978,0.6979293544457978
macro avg,0.6565096952908587,0.8248587570621468,0.63223224091093,821.0
weighted avg,0.9054460306159977,0.6979293544457978,0.744882911093196,821.0
