,precision,recall,f1-score,support
False,0.3528428093645485,0.4042145593869732,0.37678571428571433,522.0
True,0.7972620599739244,0.7596273291925466,0.7779898218829516,1610.0
accuracy,0.6726078799249531,0.6726078799249531,0.6726078799249531,0.6726078799249531
macro avg,0.5750524346692365,0.5819209442897599,0.577387768084333,2132.0
weighted avg,0.688450217188702,0.6726078799249531,0.6797587974149601,2132.0
