,precision,recall,f1-score,support
False,0.0,0.0,0.0,407.0
True,0.76875,0.9534883720930233,0.8512110726643598,1419.0
accuracy,0.7409638554216867,0.7409638554216867,0.7409638554216867,0.7409638554216867
macro avg,0.384375,0.47674418604651164,0.4256055363321799,1826.0
weighted avg,0.597402108433735,0.7409638554216867,0.6614833034560387,1826.0
