,precision,recall,f1-score,support
False,0.0,0.0,0.0,93.0
True,0.9136490250696379,0.8921124206708976,0.9027522935779816,1103.0
accuracy,0.822742474916388,0.822742474916388,0.822742474916388,0.822742474916388
macro avg,0.4568245125348189,0.4460562103354488,0.4513761467889908,1196.0
weighted avg,0.8426044102439888,0.822742474916388,0.8325549998465834,1196.0
