,precision,recall,f1-score,support
False,0.2389240506329114,0.1336283185840708,0.17139614074914866,1130.0
True,0.6605409153952844,0.7984073763621123,0.7229601518026566,2386.0
accuracy,0.5847554038680318,0.5847554038680318,0.5847554038680318,0.5847554038680318
macro avg,0.44973248301409785,0.46601784747309155,0.44717814627590263,3516.0
weighted avg,0.5250383394051019,0.5847554038680318,0.5456941300476896,3516.0
