,precision,recall,f1-score,support
False,0.0,0.0,0.0,0.0
True,1.0,0.627332324760464,0.7709947319491789,3966.0
accuracy,0.627332324760464,0.627332324760464,0.627332324760464,0.627332324760464
macro avg,0.5,0.313666162380232,0.38549736597458945,3966.0
weighted avg,1.0,0.627332324760464,0.7709947319491789,3966.0
