,precision,recall,f1-score,support
False,0.03952355170546833,0.5447761194029851,0.07370015143866734,134.0
True,0.976998491704374,0.5935853379152348,0.738492233148069,4365.0
accuracy,0.5921315847966214,0.5921315847966214,0.5921315847966214,0.5921315847966214
macro avg,0.5082610217049212,0.56918072865911,0.4060961922933682,4499.0
weighted avg,0.9490763663521062,0.5921315847966214,0.7186918021747284,4499.0
