,precision,recall,f1-score,support
False,0.18427835051546393,0.3733681462140992,0.2467644521138913,383.0
True,0.8760330578512396,0.7282095319879777,0.7953106682297774,2329.0
accuracy,0.6780973451327433,0.6780973451327433,0.6780973451327433,0.6780973451327433
macro avg,0.5301557041833518,0.5507888391010385,0.5210375601718343,2712.0
weighted avg,0.7783405604656932,0.6780973451327433,0.7178426738446798,2712.0
