,precision,recall,f1-score,support
False,0.05434782608695652,0.007936507936507936,0.013850415512465372,630.0
True,0.5035742652899127,0.8793342579750347,0.6404040404040405,721.0
accuracy,0.47298297557364916,0.47298297557364916,0.47298297557364916,0.47298297557364916
macro avg,0.2789610456884346,0.4436353829557713,0.32712722795825294,1351.0
weighted avg,0.29409043353723885,0.47298297557364916,0.34822877491055987,1351.0
