,precision,recall,f1-score,support
False,0.022448979591836733,0.275,0.04150943396226415,40.0
True,0.9815873015873016,0.7634567901234568,0.8588888888888889,2025.0
accuracy,0.7539951573849879,0.7539951573849879,0.7539951573849879,0.7539951573849879
macro avg,0.5020181405895692,0.5192283950617285,0.45019916142557653,2065.0
weighted avg,0.963008351040174,0.7539951573849879,0.8430558728128285,2065.0
