,precision,recall,f1-score,support
False,0.06521739130434782,0.26666666666666666,0.10480349344978165,45.0
True,0.9564643799472295,0.8082497212931996,0.8761329305135952,897.0
accuracy,0.7823779193205945,0.7823779193205945,0.7823779193205945,0.7823779193205945
macro avg,0.5108408856257887,0.5374581939799331,0.49046821198168844,942.0
weighted avg,0.9138888868591937,0.7823779193205945,0.8392859828831583,942.0
