,precision,recall,f1-score,support
False,0.14384191176470587,0.2731239092495637,0.1884406983744732,3438.0
True,0.8230921704658077,0.6753601301115242,0.7419437176951057,17216.0
accuracy,0.608405151544495,0.608405151544495,0.608405151544495,0.608405151544495
macro avg,0.4834670411152568,0.4742420196805439,0.46519220803478945,20654.0
weighted avg,0.7100263048022856,0.608405151544495,0.6498093427350817,20654.0
