,precision,recall,f1-score,support
False,0.20623916811091855,0.25813449023861174,0.22928709055876687,461.0
True,0.6705202312138728,0.6031195840554593,0.6350364963503649,1154.0
accuracy,0.5046439628482973,0.5046439628482973,0.5046439628482973,0.5046439628482973
macro avg,0.4383796996623957,0.43062703714703554,0.43216179345456585,1615.0
weighted avg,0.5379917048420698,0.5046439628482973,0.519215768133692,1615.0
