,precision,recall,f1-score,support
False,0.0,0.0,0.0,1696.0
True,0.27952421410365336,0.9954614220877458,0.43648424543946934,661.0
accuracy,0.27916843445057277,0.27916843445057277,0.27916843445057277,0.27916843445057277
macro avg,0.13976210705182668,0.4977307110438729,0.21824212271973467,2357.0
weighted avg,0.07839011689542422,0.27916843445057277,0.12240818253520969,2357.0
