,precision,recall,f1-score,support
False,0.03225806451612903,0.003472222222222222,0.006269592476489027,288.0
True,0.8258495145631068,0.9784327821711,0.8956893715037842,1391.0
accuracy,0.8111971411554497,0.8111971411554497,0.8111971411554497,0.8111971411554497
macro avg,0.4290537895396179,0.4909525021966611,0.45097948199013665,1679.0
weighted avg,0.6897242390339051,0.8111971411554497,0.74312659821024,1679.0
