,precision,recall,f1-score,support
False,0.008264462809917356,0.008928571428571428,0.008583690987124463,112.0
True,0.45588235294117646,0.43661971830985913,0.44604316546762585,213.0
accuracy,0.28923076923076924,0.28923076923076924,0.28923076923076924,0.28923076923076924
macro avg,0.23207340787554692,0.2227741448692153,0.22731342822737516,325.0
weighted avg,0.3016263415728656,0.28923076923076924,0.2952879004158838,325.0
