,precision,recall,f1-score,support
False,0.36764705882352944,0.24271844660194175,0.29239766081871343,103.0
True,0.6020408163265306,0.7329192546583851,0.661064425770308,161.0
accuracy,0.5416666666666666,0.5416666666666666,0.5416666666666666,0.5416666666666666
macro avg,0.48484393757503,0.48781885063016345,0.4767310432945107,264.0
weighted avg,0.5105917366946778,0.5416666666666666,0.5172285288384358,264.0
