,precision,recall,f1-score,support
False,0.0,1.0,0.0,0.0
True,1.0,0.9983461962513782,0.9991724137931035,1814.0
accuracy,0.9983461962513782,0.9983461962513782,0.9983461962513782,0.9983461962513782
macro avg,0.5,0.9991730981256891,0.49958620689655175,1814.0
weighted avg,1.0,0.9983461962513782,0.9991724137931035,1814.0
