,precision,recall,f1-score,support
False,1.0,0.0,0.0,235.0
True,0.4742729306487696,1.0,0.6433990895295902,212.0
accuracy,0.4742729306487696,0.4742729306487696,0.4742729306487696,0.4742729306487696
macro avg,0.7371364653243848,0.5,0.3216995447647951,447.0
weighted avg,0.750661882097403,0.4742729306487696,0.3051467717679488,447.0
