,precision,recall,f1-score,support
False,0.0,1.0,0.0,0.0
True,1.0,0.8075610396429509,0.8935366739288307,3809.0
accuracy,0.8075610396429509,0.8075610396429509,0.8075610396429509,0.8075610396429509
macro avg,0.5,0.9037805198214754,0.44676833696441537,3809.0
weighted avg,1.0,0.8075610396429509,0.8935366739288307,3809.0
