,precision,recall,f1-score,support
False,0.122595463680735,1.0,0.2184143222506394,427.0
True,1.0,0.1367231638418079,0.24055666003976145,3540.0
accuracy,0.22964456768338795,0.22964456768338795,0.22964456768338795,0.22964456768338795
macro avg,0.5612977318403675,0.5683615819209039,0.22948549114520042,3967.0
weighted avg,0.9055579185761718,0.22964456768338795,0.23817330278340773,3967.0
