,precision,recall,f1-score,support
False,0.0888671875,0.978494623655914,0.1629364368845121,93.0
True,0.9883720930232558,0.1541251133272892,0.26666666666666666,1103.0
accuracy,0.21822742474916387,0.21822742474916387,0.21822742474916387,0.21822742474916387
macro avg,0.5386196402616279,0.5663098684916016,0.21480155177558938,1196.0
weighted avg,0.918427313580394,0.21822742474916387,0.2586006872605292,1196.0
