,precision,recall,f1-score,support
False,0.23431594860166288,1.0,0.3796693202694428,310.0
True,1.0,0.1683087027914614,0.2881236823612087,1218.0
accuracy,0.3370418848167539,0.3370418848167539,0.3370418848167539,0.3370418848167539
macro avg,0.6171579743008314,0.5841543513957307,0.3338965013153258,1528.0
weighted avg,0.8446583403576672,0.3370418848167539,0.30669642303630856,1528.0
