,precision,recall,f1-score,support
False,0.2700684505289359,0.8314176245210728,0.407703147017379,522.0
True,0.8323809523809523,0.2714285714285714,0.40936768149882896,1610.0
accuracy,0.40853658536585363,0.40853658536585363,0.40853658536585363,0.40853658536585363
macro avg,0.5512247014549441,0.5514230979748221,0.40853541425810397,2132.0
weighted avg,0.694704064028817,0.40853658536585363,0.4089601360019636,2132.0
