,precision,recall,f1-score,support
False,0.17936507936507937,1.0,0.3041722745625841,113.0
True,1.0,0.269774011299435,0.4249165739710789,708.0
accuracy,0.3702801461632156,0.3702801461632156,0.3702801461632156,0.3702801461632156
macro avg,0.5896825396825397,0.6348870056497176,0.36454442426683153,821.0
weighted avg,0.887050248438799,0.3702801461632156,0.40829768745078665,821.0
