,precision,recall,f1-score,support
False,0.1674682990817665,1.0,0.2868913857677903,383.0
True,1.0,0.18248175182481752,0.30864197530864196,2329.0
accuracy,0.29793510324483774,0.29793510324483774,0.29793510324483774,0.29793510324483774
macro avg,0.5837341495408832,0.5912408759124088,0.2977666805382161,2712.0
weighted avg,0.882426385895397,0.29793510324483774,0.30557026594501874,2712.0
