,precision,recall,f1-score,support
False,0.029166666666666667,0.03608247422680412,0.03225806451612904,194.0
True,0.9173297966401415,0.8990467937608319,0.9080962800875273,2308.0
accuracy,0.8321342925659473,0.8321342925659473,0.8321342925659473,0.8321342925659473
macro avg,0.4732482316534041,0.467564633993818,0.47017717230182815,2502.0
weighted avg,0.8484634308468344,0.8321342925659473,0.8401855631327507,2502.0
