,precision,recall,f1-score,support
False,0.3019768234492161,0.784070796460177,0.4360236220472441,1130.0
True,0.5807560137457045,0.14165968147527241,0.22776280323450135,2386.0
accuracy,0.34812286689419797,0.34812286689419797,0.34812286689419797,0.34812286689419797
macro avg,0.4413664185974603,0.4628652389677247,0.33189321264087274,3516.0
weighted avg,0.4911597438267535,0.34812286689419797,0.2946953189507696,3516.0
