,precision,recall,f1-score,support
False,0.0,1.0,0.0,0.0
True,1.0,0.04311649016641452,0.0826686004350979,3966.0
accuracy,0.04311649016641452,0.04311649016641452,0.04311649016641452,0.04311649016641452
macro avg,0.5,0.5215582450832073,0.04133430021754895,3966.0
weighted avg,1.0,0.04311649016641452,0.0826686004350979,3966.0
