,precision,recall,f1-score,support
False,0.03146278469124208,1.0,0.0610061461415889,134.0
True,1.0,0.054982817869415807,0.10423452768729641,4365.0
accuracy,0.08312958435207823,0.08312958435207823,0.08312958435207823,0.08312958435207823
macro avg,0.515731392345621,0.5274914089347079,0.08262033691444265,4499.0
weighted avg,0.9711527035226998,0.08312958435207823,0.10294699642987813,4499.0
