,precision,recall,f1-score,support
False,0.02444987775061125,1.0,0.04773269689737471,40.0
True,1.0,0.21185185185185185,0.3496332518337408,2025.0
accuracy,0.2271186440677966,0.2271186440677966,0.2271186440677966,0.2271186440677966
macro avg,0.5122249388753056,0.605925925925926,0.19868297436555774,2065.0
weighted avg,0.981103145331731,0.2271186440677966,0.34378529919574824,2065.0
