,precision,recall,f1-score,support
False,0.1537238126576725,0.8152995927865038,0.2586747877445552,3438.0
True,0.737603305785124,0.10368262081784387,0.1818089223874516,17216.0
accuracy,0.22213614796165393,0.22213614796165393,0.22213614796165393,0.22213614796165393
macro avg,0.4456635592213982,0.4594911068021738,0.2202418550660034,20654.0
weighted avg,0.6404125583574016,0.22213614796165393,0.19460377302644272,20654.0
