,precision,recall,f1-score,support
False,0.04471101417666303,0.9111111111111111,0.08523908523908524,45.0
True,0.84,0.023411371237458192,0.04555314533622559,897.0
accuracy,0.06581740976645435,0.06581740976645435,0.06581740976645435,0.06581740976645435
macro avg,0.4423555070883315,0.46726124117428464,0.06539611528765542,942.0
weighted avg,0.8020084879383755,0.06581740976645435,0.0474489704908208,942.0
