,precision,recall,f1-score,support
False,0.285336856010568,0.9370932754880694,0.43746835443037974,461.0
True,0.7128712871287128,0.06239168110918544,0.1147410358565737,1154.0
accuracy,0.31207430340557274,0.31207430340557274,0.31207430340557274,0.31207430340557274
macro avg,0.49910407156964043,0.49974247829862745,0.27610469514347674,1615.0
weighted avg,0.5908320470386418,0.31207430340557274,0.20686319923894186,1615.0
