,precision,recall,f1
count,23.0,23.0,23.0
mean,0.8263681555246158,0.24014352123104546,0.3249856830779519
std,0.2784817186484313,0.20417379523166682,0.22555061080243577
min,0.0,0.0,0.0
25%,0.7492510525747598,0.11556476591384768,0.1921292002307799
50%,0.975609756097561,0.19358533791523483,0.31353282715497993
75%,0.9987046632124352,0.35550277592549584,0.40872700379033
max,1.0,0.8661178509532063,0.9059596646272376
