,precision,recall,f1-score,support
False,0.22113502935420742,1.0,0.36217948717948717,113.0
True,1.0,0.4378531073446328,0.6090373280943026,708.0
accuracy,0.5152253349573691,0.5152253349573691,0.5152253349573691,0.5152253349573691
macro avg,0.6105675146771037,0.7189265536723164,0.48560840763689483,821.0
weighted avg,0.8927993402156217,0.5152253349573691,0.5750605485286824,821.0
