,precision,recall,f1-score,support
False,0.33755274261603374,1.0,0.5047318611987381,320.0
True,1.0,0.24246079613992763,0.39029126213592236,829.0
accuracy,0.453437771975631,0.453437771975631,0.453437771975631,0.453437771975631
macro avg,0.6687763713080168,0.6212303980699638,0.44751156166733025,1149.0
weighted avg,0.8155064209200442,0.453437771975631,0.4221633175755229,1149.0
