,precision,recall,f1-score,support
False,0.24031007751937986,1.0,0.3875,310.0
True,1.0,0.19540229885057472,0.3269230769230769,1218.0
accuracy,0.3586387434554974,0.3586387434554974,0.3586387434554974,0.3586387434554974
macro avg,0.6201550387596899,0.5977011494252874,0.35721153846153847,1528.0
weighted avg,0.8458744267218636,0.3586387434554974,0.3392128977043898,1528.0
