,precision,recall,f1-score,support
False,0.1751959428307976,0.9921671018276762,0.29780564263322884,383.0
True,0.994475138121547,0.231859167024474,0.3760445682451254,2329.0
accuracy,0.3392330383480826,0.3392330383480826,0.3392330383480826,0.3392330383480826
macro avg,0.5848355404761723,0.6120131344260751,0.3369251054391771,2712.0
weighted avg,0.8787730983736276,0.3392330383480826,0.3649953394437403,2712.0
