,precision,recall,f1-score,support
False,0.0,1.0,0.0,0.0
True,1.0,0.010085728693898134,0.019970044932601096,3966.0
accuracy,0.010085728693898134,0.010085728693898134,0.010085728693898134,0.010085728693898134
macro avg,0.5,0.5050428643469491,0.009985022466300548,3966.0
weighted avg,1.0,0.010085728693898134,0.019970044932601096,3966.0
