,precision,recall,f1-score,support
False,0.2912371134020619,1.0,0.45109780439121755,113.0
True,1.0,0.6115819209039548,0.7589833479404031,708.0
accuracy,0.6650426309378806,0.6650426309378806,0.6650426309378806,0.6650426309378806
macro avg,0.645618556701031,0.8057909604519774,0.6050405761658103,821.0
weighted avg,0.9024479827215992,0.6650426309378806,0.7166068967576286,821.0
