,precision,recall,f1-score,support
False,0.03297609233305853,1.0,0.06384676775738228,40.0
True,1.0,0.42074074074074075,0.5922836287799792,2025.0
accuracy,0.4319612590799031,0.4319612590799031,0.4319612590799031,0.4319612590799031
macro avg,0.5164880461665292,0.7103703703703703,0.32806519826868075,2065.0
weighted avg,0.9812683020306646,0.4319612590799031,0.5820475636754253,2065.0
