,precision,recall,f1-score,support
False,0.05113636363636364,1.0,0.09729729729729732,45.0
True,1.0,0.06911928651059086,0.12930135557872785,897.0
accuracy,0.11358811040339703,0.11358811040339703,0.11358811040339703,0.11358811040339703
macro avg,0.5255681818181818,0.5345596432552955,0.11329932643801258,942.0
weighted avg,0.9546721192819919,0.11358811040339703,0.12777249929139836,942.0
