,precision,recall,f1-score,support
False,0.13608709574127442,0.9953161592505855,0.2394366197183099,427.0
True,0.9976303317535545,0.23785310734463277,0.3841240875912409,3540.0
accuracy,0.3193849256365011,0.3193849256365011,0.3193849256365011,0.3193849256365011
macro avg,0.5668587137474145,0.6165846332976092,0.3117803536547754,3967.0
weighted avg,0.9048955291880785,0.3193849256365011,0.36855021595480497,3967.0
