,precision,recall,f1-score,support
False,0.06556291390728476,0.38976377952755903,0.11224489795918366,254.0
True,0.9271616541353384,0.5830378250591016,0.7158925979680697,3384.0
accuracy,0.5695437053326003,0.5695437053326003,0.5695437053326003,0.5695437053326003
macro avg,0.49636228402131155,0.4864008022933303,0.4140687479636267,3638.0
weighted avg,0.8670060521513018,0.5695437053326003,0.6737467717442498,3638.0
