,precision,recall,f1-score,support
False,0.2321024868123587,0.9935483870967742,0.37629810629199756,310.0
True,0.9900497512437811,0.16338259441707717,0.2804792107117688,1218.0
accuracy,0.3318062827225131,0.3318062827225131,0.3318062827225131,0.3318062827225131
macro avg,0.6110761190280699,0.5784654907569257,0.32838865850188315,1528.0
weighted avg,0.8362777277007568,0.3318062827225131,0.2999189081135168,1528.0
