,precision,recall,f1-score,support
False,0.3329989969909729,0.8157248157248157,0.47293447293447294,407.0
True,0.9095295536791315,0.5313601127554616,0.6708185053380782,1419.0
accuracy,0.5947426067907996,0.5947426067907996,0.5947426067907996,0.5947426067907996
macro avg,0.6212642753350521,0.6735424642401386,0.5718764891362755,1826.0
weighted avg,0.7810257548992408,0.5947426067907996,0.6267118234167927,1826.0
