,precision,recall,f1-score,support
False,0.08795411089866156,0.989247311827957,0.16154521510096573,93.0
True,0.9933333333333333,0.13508612873980055,0.23782920989624903,1103.0
accuracy,0.20150501672240803,0.20150501672240803,0.20150501672240803,0.20150501672240803
macro avg,0.5406437221159974,0.5621667202838788,0.19968721249860738,1196.0
weighted avg,0.9229317717226103,0.20150501672240803,0.23189742769226795,1196.0
