,precision,recall,f1-score,support
False,0.6549019607843137,0.9960238568588469,0.7902208201892744,503.0
True,0.9767441860465116,0.2413793103448276,0.3870967741935484,348.0
accuracy,0.6874265569917744,0.6874265569917744,0.6874265569917744,0.6874265569917744
macro avg,0.8158230734154126,0.6187015836018372,0.5886587971914115,851.0
weighted avg,0.7865131175307825,0.6874265569917744,0.6253710340476615,851.0
