,precision,recall,f1-score,support
False,0.8291457286432161,0.4094292803970223,0.5481727574750831,403.0
True,0.10526315789473684,0.45161290322580644,0.17073170731707318,62.0
accuracy,0.4150537634408602,0.4150537634408602,0.4150537634408602,0.4150537634408602
macro avg,0.4672044432689765,0.4305210918114144,0.35945223239607815,465.0
weighted avg,0.7326280525434189,0.4150537634408602,0.4978472841206818,465.0
