,precision,recall,f1-score,support
False,0.28835021707670044,0.7053097345132744,0.4093477144324602,1130.0
True,0.5571808510638298,0.17560771165129924,0.26704907584448695,2386.0
accuracy,0.34584755403868034,0.34584755403868034,0.34584755403868034,0.34584755403868034
macro avg,0.42276553407026507,0.44045872308228684,0.3381983951384736,3516.0
weighted avg,0.470781927171493,0.34584755403868034,0.31278214228487655,3516.0
