,precision,recall,f1-score,support
False,0.03611111111111111,0.9701492537313433,0.06963042313872522,134.0
True,0.9955506117908788,0.20504009163802978,0.3400455927051672,4365.0
accuracy,0.2278284063125139,0.2278284063125139,0.2278284063125139,0.2278284063125139
macro avg,0.515830861450995,0.5875946726846866,0.20483800792194623,4499.0
weighted avg,0.9669742852536285,0.2278284063125139,0.3319914400663801,4499.0
