,precision,recall,f1-score,support
False,0.30517965468968733,0.989409984871407,0.46647646219686156,661.0
True,0.9824561403508771,0.20839978734715578,0.3438596491228071,1881.0
accuracy,0.4114870180959874,0.4114870180959874,0.4114870180959874,0.4114870180959874
macro avg,0.6438178975202822,0.5989048861092814,0.4051680556598343,2542.0
weighted avg,0.8063429393193876,0.4114870180959874,0.3757438794304192,2542.0
