,precision,recall,f1-score,support
False,0.5232558139534884,1.0,0.6870229007633588,630.0
True,1.0,0.20388349514563106,0.33870967741935487,721.0
accuracy,0.5751295336787565,0.5751295336787565,0.5751295336787565,0.5751295336787565
macro avg,0.7616279069767442,0.6019417475728155,0.5128662890913569,1351.0
weighted avg,0.7776840583202796,0.5751295336787565,0.5011355328647453,1351.0
