,precision,recall,f1-score,support
False,0.01599247412982126,0.425,0.030825022665457842,40.0
True,0.9770459081836327,0.48345679012345677,0.6468450611166171,2025.0
accuracy,0.48232445520581113,0.48232445520581113,0.48232445520581113,0.48232445520581113
macro avg,0.496519191156727,0.4542283950617284,0.33883504189103747,2065.0
weighted avg,0.9584298610348905,0.48232445520581113,0.634912469572769,2065.0
