,precision,recall,f1-score,support
False,0.0,0.0,0.0,0.0
True,1.0,0.04387291981845688,0.08405797101449275,3966.0
accuracy,0.04387291981845688,0.04387291981845688,0.04387291981845688,0.04387291981845688
macro avg,0.5,0.02193645990922844,0.042028985507246375,3966.0
weighted avg,1.0,0.04387291981845688,0.08405797101449275,3966.0
