,precision,recall,f1-score,support
False,0.17970401691331925,0.265625,0.21437578814627994,320.0
True,0.6523668639053254,0.5319662243667069,0.5860465116279069,829.0
accuracy,0.4577893820713664,0.4577893820713664,0.4577893820713664,0.4577893820713664
macro avg,0.41603544040932233,0.39879561218335347,0.4002111498870934,1149.0
weighted avg,0.52072882122696,0.4577893820713664,0.4825350829820229,1149.0
