,precision,recall,f1-score,support
False,0.15855039637599094,0.8144269924374636,0.26542800265428007,3438.0
True,0.7869071476285905,0.13684944237918215,0.23315190499752597,17216.0
accuracy,0.24963687421322747,0.24963687421322747,0.24963687421322747,0.24963687421322747
macro avg,0.4727287720022907,0.4756382174083229,0.24928995382590302,20654.0
weighted avg,0.6823128554427458,0.24963687421322747,0.23852448288771289,20654.0
