,precision,recall,f1-score,support
False,0.0,0.0,0.0,0.0
True,1.0,0.021002887897085848,0.041141681666238106,3809.0
accuracy,0.021002887897085848,0.021002887897085848,0.021002887897085848,0.021002887897085848
macro avg,0.5,0.010501443948542924,0.020570840833119053,3809.0
weighted avg,1.0,0.021002887897085848,0.041141681666238106,3809.0
