,precision,recall,f1-score,support
False,0.038419319429198684,0.7777777777777778,0.07322175732217573,45.0
True,0.6774193548387096,0.023411371237458192,0.045258620689655166,897.0
accuracy,0.059447983014861996,0.059447983014861996,0.059447983014861996,0.059447983014861996
macro avg,0.3579193371339542,0.400594574507618,0.05924018900591545,942.0
weighted avg,0.6468938754401662,0.059447983014861996,0.046594439318597226,942.0
