,precision,recall,f1-score,support
False,0.0,0.0,0.0,87.0
True,0.9201834862385321,0.9534220532319392,0.9365079365079364,1052.0
accuracy,0.8805970149253731,0.8805970149253731,0.8805970149253731,0.8805970149253731
macro avg,0.46009174311926604,0.4767110266159696,0.4682539682539682,1139.0
weighted avg,0.8498973024784335,0.8805970149253731,0.8649748456596568,1139.0
