,precision,recall,f1-score,support
False,0.34810126582278483,0.5339805825242718,0.421455938697318,103.0
True,0.5471698113207547,0.36024844720496896,0.4344569288389513,161.0
accuracy,0.42803030303030304,0.42803030303030304,0.42803030303030304,0.42803030303030304
macro avg,0.44763553857176974,0.4471145148646204,0.42795643376813464,264.0
weighted avg,0.4695029166757135,0.42803030303030304,0.4293845728367232,264.0
