,precision,recall,f1-score,support
False,0.012903225806451613,0.017857142857142856,0.014981273408239702,112.0
True,0.35294117647058826,0.28169014084507044,0.3133159268929504,213.0
accuracy,0.19076923076923077,0.19076923076923077,0.19076923076923077,0.19076923076923077
macro avg,0.18292220113851992,0.14977364185110664,0.16414860015059504,325.0
weighted avg,0.23575886731863963,0.19076923076923077,0.21050521553821935,325.0
