,precision,recall,f1-score,support
False,0.0,1.0,0.0,0.0
True,1.0,0.9928335170893055,0.9964038727524205,1814.0
accuracy,0.9928335170893055,0.9928335170893055,0.9928335170893055,0.9928335170893055
macro avg,0.5,0.9964167585446527,0.49820193637621024,1814.0
weighted avg,1.0,0.9928335170893055,0.9964038727524206,1814.0
