,precision,recall,f1-score,support
False,0.0,1.0,0.0,0.0
True,1.0,0.7475,0.8555078683834049,2400.0
accuracy,0.7475,0.7475,0.7475,0.7475
macro avg,0.5,0.87375,0.42775393419170243,2400.0
weighted avg,1.0,0.7475,0.855507868383405,2400.0
