,precision,recall,f1-score,support
False,0.7228260869565217,0.9803439803439803,0.8321167883211678,407.0
True,0.9937205651491365,0.8921775898520085,0.9402153731897513,1419.0
accuracy,0.911829134720701,0.911829134720701,0.911829134720701,0.911829134720701
macro avg,0.8582733260528291,0.9362607850979944,0.8861660807554596,1826.0
weighted avg,0.9333404706122284,0.911829134720701,0.9161211102973562,1826.0
