,precision,recall,f1-score,support
False,0.2986842105263158,0.43486590038314177,0.3541341653666147,522.0
True,0.7849854227405247,0.668944099378882,0.7223340040241447,1610.0
accuracy,0.6116322701688556,0.6116322701688556,0.6116322701688556,0.6116322701688556
macro avg,0.5418348166334203,0.5519049998810119,0.5382340846953797,2132.0
weighted avg,0.665919178474194,0.6116322701688556,0.6321837621014287,2132.0
