,precision,recall,f1-score,support
False,0.0,0.0,0.0,93.0
True,0.9013785790031813,0.7706255666364461,0.83088954056696,1103.0
accuracy,0.7107023411371237,0.7107023411371237,0.7107023411371237,0.7107023411371237
macro avg,0.45068928950159065,0.38531278331822305,0.41544477028348,1196.0
weighted avg,0.8312881042144724,0.7107023411371237,0.7662802368272215,1196.0
