,precision,recall,f1-score,support
False,0.24255858138062064,1.0,0.3904179408766565,383.0
True,1.0,0.48647488192357236,0.6545349508954362,2329.0
accuracy,0.5589970501474927,0.5589970501474927,0.5589970501474927,0.5589970501474927
macro avg,0.6212792906903103,0.7432374409617861,0.5224764458860464,2712.0
weighted avg,0.8930309500991068,0.5589970501474927,0.6172352404097458,2712.0
