,precision,recall,f1-score,support
False,0.028288543140028287,1.0,0.05502063273727647,40.0
True,1.0,0.3214814814814815,0.48654708520179374,2025.0
accuracy,0.33462469733656175,0.33462469733656175,0.33462469733656175,0.33462469733656175
macro avg,0.5141442715700142,0.6607407407407407,0.2707838589695351,2065.0
weighted avg,0.981177502046296,0.33462469733656175,0.47818821929449074,2065.0
