,precision,recall,f1-score,support
False,0.0,1.0,0.0,0.0
True,1.0,0.5668179525970751,0.723527518506598,3966.0
accuracy,0.5668179525970751,0.5668179525970751,0.5668179525970751,0.5668179525970751
macro avg,0.5,0.7834089762985376,0.361763759253299,3966.0
weighted avg,1.0,0.5668179525970751,0.723527518506598,3966.0
