,precision,recall,f1-score,support
False,0.11644553072625698,0.38801628853984876,0.1791325365919162,3438.0
True,0.7712546205696891,0.4120585501858736,0.5371393957749678,17216.0
accuracy,0.4080565507891934,0.4080565507891934,0.4080565507891934,0.4080565507891934
macro avg,0.443850075647973,0.4000374193628612,0.358135966183442,20654.0
weighted avg,0.6622571551449906,0.4080565507891934,0.47754669790185206,20654.0
