,precision,recall,f1-score,support
False,0.43157894736842106,0.8817204301075269,0.5795053003533568,93.0
True,0.989065606361829,0.9020852221214869,0.9435751541014701,1103.0
accuracy,0.9005016722408027,0.9005016722408027,0.9005016722408027,0.9005016722408027
macro avg,0.7103222768651251,0.8919028261145069,0.7615402272274134,1196.0
weighted avg,0.945715891239432,0.9005016722408027,0.9152653745039997,1196.0
