,precision,recall,f1-score,support
False,0.5512927439532944,1.0,0.7107526881720431,661.0
True,1.0,0.7139819245082403,0.8331265508684864,1881.0
accuracy,0.7883556254917388,0.7883556254917388,0.7883556254917388,0.7883556254917388
macro avg,0.7756463719766472,0.8569909622541201,0.7719396195202648,2542.0
weighted avg,0.883321992035062,0.7883556254917388,0.8013054953050132,2542.0
