,precision,recall,f1-score,support
False,0.012195121951219513,0.0015128593040847202,0.0026917900403768506,661.0
True,0.7317073170731707,0.9569377990430622,0.8293020041465101,1881.0
accuracy,0.7084972462627852,0.7084972462627852,0.7084972462627852,0.7084972462627852
macro avg,0.3719512195121951,0.47922532917357347,0.4159968970934435,2542.0
weighted avg,0.544611502369941,0.7084972462627852,0.6143573339953873,2542.0
