,precision,recall,f1-score,support
False,0.0,0.0,0.0,194.0
True,0.9217426381605486,0.9900346620450606,0.9546688949237518,2308.0
accuracy,0.913269384492406,0.913269384492406,0.913269384492406,0.913269384492406
macro avg,0.4608713190802743,0.4950173310225303,0.4773344474618759,2502.0
weighted avg,0.8502725854814333,0.913269384492406,0.8806458071478893,2502.0
