,precision,recall,f1-score,support
False,0.0,0.0,0.0,320.0
True,0.7127468581687613,0.9577804583835947,0.8172928461142563,829.0
accuracy,0.6910356832027851,0.6910356832027851,0.6910356832027851,0.6910356832027851
macro avg,0.35637342908438063,0.47889022919179736,0.40864642305712817,1149.0
weighted avg,0.5142446870512646,0.6910356832027851,0.5896742988935757,1149.0
