,precision,recall,f1-score,support
False,0.0,0.0,0.0,0.0
True,1.0,0.646363875032817,0.7852017222133632,3809.0
accuracy,0.646363875032817,0.646363875032817,0.646363875032817,0.646363875032817
macro avg,0.5,0.3231819375164085,0.3926008611066816,3809.0
weighted avg,1.0,0.646363875032817,0.7852017222133632,3809.0
