,precision,recall,f1-score,support
False,0.267497034400949,0.8639846743295019,0.4085144927536232,522.0
True,0.8408071748878924,0.2329192546583851,0.36478599221789887,1610.0
accuracy,0.3874296435272045,0.3874296435272045,0.3874296435272045,0.3874296435272045
macro avg,0.5541521046444207,0.5484519644939435,0.3866502424857611,2132.0
weighted avg,0.7004376189150103,0.3874296435272045,0.37549250126088574,2132.0
