,precision,recall,f1-score,support
False,0.08270921523933572,1.0,0.15278195488721805,254.0
True,1.0,0.1675531914893617,0.2870159453302961,3384.0
accuracy,0.225673446948873,0.225673446948873,0.225673446948873,0.225673446948873
macro avg,0.5413546076196678,0.5837765957446809,0.2198989501087571,3638.0
weighted avg,0.9359560584581614,0.225673446948873,0.2776439185099163,3638.0
