,precision,recall,f1-score,support
False,0.35733099209833186,1.0,0.5265200517464425,407.0
True,1.0,0.48414376321353064,0.6524216524216524,1419.0
accuracy,0.5991237677984665,0.5991237677984665,0.5991237677984665,0.5991237677984665
macro avg,0.6786654960491659,0.7420718816067653,0.5894708520840475,1826.0
weighted avg,0.8567544982387849,0.5991237677984665,0.6243592474518767,1826.0
