,precision,recall,f1-score,support
False,0.0,1.0,0.0,0.0
True,1.0,0.010238907849829351,0.02027027027027027,3809.0
accuracy,0.010238907849829351,0.010238907849829351,0.010238907849829351,0.010238907849829351
macro avg,0.5,0.5051194539249146,0.010135135135135136,3809.0
weighted avg,1.0,0.010238907849829351,0.02027027027027027,3809.0
