,precision,recall,f1-score,support
False,0.22141119221411193,0.4262295081967213,0.29143314651721375,427.0
True,0.9220985691573926,0.8192090395480226,0.8676140613313388,3540.0
accuracy,0.7769095034030754,0.7769095034030754,0.7769095034030754,0.7769095034030754
macro avg,0.5717548806857523,0.6227192738723719,0.5795236039242763,3967.0
weighted avg,0.8466779717400039,0.7769095034030754,0.8055950921794277,3967.0
