,precision,recall,f1-score
mean_true_class,0.7930603656131766,0.8253362541566426,0.7823445843356281
mean_false_class,0.14050611775872132,0.16763422843629658,0.11214392190289418
mean_weighted,0.7242340276536688,0.6751364807537951,0.6723729920693429
