,precision,recall,f1-score,support
False,0.0,0.0,0.0,93.0
True,0.9144434222631095,0.9011786038077969,0.9077625570776255,1103.0
accuracy,0.8311036789297659,0.8311036789297659,0.8311036789297659,0.8311036789297659
macro avg,0.45722171113155474,0.45058930190389845,0.45388127853881277,1196.0
weighted avg,0.8433370357493393,0.8311036789297659,0.8371756692781112,1196.0
