,precision,recall,f1-score,support
False,0.09430255402750491,0.1889763779527559,0.12581913499344693,254.0
True,0.9341642697347395,0.8637706855791962,0.8975894365115923,3384.0
accuracy,0.8166575041231446,0.8166575041231446,0.8166575041231446,0.8166575041231446
macro avg,0.5142334118811223,0.5263735317659761,0.5117042857525196,3638.0
weighted avg,0.8755263159717825,0.8166575041231446,0.8437055287090609,3638.0
