,precision,recall,f1-score,support
False,0.5,0.12524850894632206,0.20031796502384738,503.0
True,0.3931034482758621,0.8189655172413793,0.5312208760484622,348.0
accuracy,0.408930669800235,0.408930669800235,0.408930669800235,0.408930669800235
macro avg,0.44655172413793104,0.4721070130938507,0.3657694205361548,851.0
weighted avg,0.4562867215041128,0.408930669800235,0.33563431406799077,851.0
