,precision,recall,f1-score,support
False,0.16363636363636364,0.02903225806451613,0.04931506849315069,310.0
True,0.7956551255940258,0.9622331691297209,0.8710516536603494,1218.0
accuracy,0.7729057591623036,0.7729057591623036,0.7729057591623036,0.7729057591623036
macro avg,0.4796457446151947,0.4956327135971185,0.46018336107675006,1528.0
weighted avg,0.6674314238879556,0.7729057591623036,0.7043380794444909,1528.0
