,precision,recall,f1-score,support
False,0.5666666666666667,0.04218362282878412,0.07852193995381064,403.0
True,0.11264367816091954,0.7903225806451613,0.19718309859154928,62.0
accuracy,0.14193548387096774,0.14193548387096774,0.14193548387096774,0.14193548387096774
macro avg,0.3396551724137931,0.41625310173697266,0.13785251927267997,465.0
weighted avg,0.5061302681992338,0.14193548387096774,0.09434342777217579,465.0
