,precision,recall,f1-score,support
False,0.32471264367816094,1.0,0.490238611713666,113.0
True,1.0,0.6680790960451978,0.8010160880609654,708.0
accuracy,0.7137637028014616,0.7137637028014616,0.7137637028014616,0.7137637028014616
macro avg,0.6623563218390804,0.8340395480225988,0.6456273498873157,821.0
weighted avg,0.9070554552200149,0.7137637028014616,0.7582415998426404,821.0
