,precision,recall,f1-score,support
False,0.031746031746031744,0.0031746031746031746,0.005772005772005772,630.0
True,0.5124223602484472,0.9153952843273232,0.6570433051269289,721.0
accuracy,0.4900074019245004,0.4900074019245004,0.4900074019245004,0.4900074019245004
macro avg,0.2720841959972395,0.4592849437509632,0.3314076554494673,1351.0
weighted avg,0.28827277700897885,0.4900074019245004,0.3533416629406953,1351.0
