,precision,recall,f1-score,support
False,0.0,0.0,0.0,194.0
True,0.9218057234985892,0.9909012131715771,0.9551054499895594,2308.0
accuracy,0.9140687450039968,0.9140687450039968,0.9140687450039968,0.9140687450039968
macro avg,0.4609028617492946,0.49545060658578854,0.4775527249947797,2502.0
weighted avg,0.8503307793104492,0.9140687450039968,0.881048512620265,2502.0
