,precision,recall,f1-score,support
False,0.0,0.0,0.0,661.0
True,0.7330371567043619,0.9649122807017544,0.8331420702318109,1881.0
accuracy,0.7140047206923682,0.7140047206923682,0.7140047206923682,0.7140047206923682
macro avg,0.36651857835218093,0.4824561403508772,0.41657103511590543,2542.0
weighted avg,0.5424244263418193,0.7140047206923682,0.6164989119221228,2542.0
