,precision,recall,f1-score,support
False,0.1871069182389937,0.31070496083550914,0.23356231599607455,383.0
True,0.8728323699421965,0.7780163160154573,0.8227014755959139,2329.0
accuracy,0.7120206489675516,0.7120206489675516,0.7120206489675516,0.7120206489675516
macro avg,0.5299696440905951,0.5443606384254832,0.5281318957959942,2712.0
weighted avg,0.775991349292371,0.7120206489675516,0.739500775696674,2712.0
