,precision,recall,f1-score,support
False,0.0,0.0,0.0,320.0
True,0.7145405887600357,0.9662243667068757,0.8215384615384617,829.0
accuracy,0.6971279373368147,0.6971279373368147,0.6971279373368147,0.6971279373368147
macro avg,0.35727029438001784,0.48311218335343786,0.41076923076923083,1149.0
weighted avg,0.5155388582089379,0.6971279373368147,0.5927374974894558,1149.0
