,precision,recall,f1-score,support
False,0.03475409836065574,0.39552238805970147,0.06389391199517781,134.0
True,0.972763954270343,0.6627720504009164,0.7883907889358222,4365.0
accuracy,0.6548121804845521,0.6548121804845521,0.6548121804845521,0.6548121804845521
macro avg,0.5037590263154994,0.5291472192303089,0.4261423504655,4499.0
weighted avg,0.9448258967704767,0.6548121804845521,0.7668120866664186,4499.0
