,precision,recall,f1-score,support
False,0.20204081632653062,0.21475054229934923,0.2082018927444795,461.0
True,0.6782222222222222,0.6611785095320624,0.6695919262834575,1154.0
accuracy,0.5337461300309597,0.5337461300309597,0.5337461300309597,0.5337461300309597
macro avg,0.4401315192743764,0.4379645259157058,0.43889690951396854,1615.0
weighted avg,0.5422967558953405,0.5337461300309597,0.537888641167997,1615.0
