,precision,recall,f1-score,support
False,0.0,0.0,0.0,0.0
True,1.0,0.7130480441060646,0.8324904214559387,3809.0
accuracy,0.7130480441060646,0.7130480441060646,0.7130480441060646,0.7130480441060646
macro avg,0.5,0.3565240220530323,0.41624521072796933,3809.0
weighted avg,1.0,0.7130480441060646,0.8324904214559387,3809.0
