,precision,recall,f1-score,support
False,0.05806451612903226,0.2,0.09000000000000001,45.0
True,0.9542566709021602,0.8372352285395763,0.8919239904988124,897.0
accuracy,0.8067940552016986,0.8067940552016986,0.8067940552016986,0.8067940552016986
macro avg,0.5061605935155962,0.5186176142697881,0.4909619952494062,942.0
weighted avg,0.9114449437633164,0.8067940552016986,0.8536155196151112,942.0
