,precision,recall,f1-score,support
False,0.14091370558375635,0.20186154741128562,0.16596914982661726,3438.0
True,0.8255451713395638,0.7542402416356877,0.7882835028077098,17216.0
accuracy,0.6622930183015396,0.6622930183015396,0.6622930183015396,0.6622930183015396
macro avg,0.4832294384616601,0.47805089452348665,0.4771263263171635,20654.0
weighted avg,0.7115835668431725,0.6622930183015396,0.6846950092689765,20654.0
