,precision,recall,f1-score,support
False,0.3230088495575221,0.2796934865900383,0.2997946611909651,522.0
True,0.7761904761904762,0.8099378881987578,0.7927051671732523,1610.0
accuracy,0.6801125703564728,0.6801125703564728,0.6801125703564728,0.6801125703564728
macro avg,0.5495996628739992,0.544815687394398,0.5462499141821087,2132.0
weighted avg,0.6652332486565166,0.6801125703564728,0.6720206999486961,2132.0
