,precision,recall,f1-score,support
False,0.0,0.0,0.0,407.0
True,0.7700564971751412,0.9605355884425651,0.8548134211351521,1419.0
accuracy,0.7464403066812705,0.7464403066812705,0.7464403066812705,0.7464403066812705
macro avg,0.3850282485875706,0.4802677942212826,0.42740671056757606,1826.0
weighted avg,0.5984173984071881,0.7464403066812705,0.6642827188339435,1826.0
