,precision,recall,f1-score,support
False,0.016355140186915886,0.175,0.029914529914529912,40.0
True,0.9798411728772144,0.7920987654320988,0.8760240305843802,2025.0
accuracy,0.7801452784503632,0.7801452784503632,0.7801452784503632,0.7801452784503632
macro avg,0.49809815653206513,0.4835493827160494,0.45296928024945504,2065.0
weighted avg,0.9611780051737703,0.7801452784503632,0.8596345003050611,2065.0
