,precision,recall,f1-score,support
False,0.22641509433962265,0.09557522123893805,0.13441194772868698,1130.0
True,0.6637051661730833,0.8453478625314333,0.7435944700460829,2386.0
accuracy,0.6043799772468714,0.6043799772468714,0.6043799772468714,0.6043799772468714
macro avg,0.44506013025635294,0.4704615418851857,0.439003208887385,3516.0
weighted avg,0.5231654104359358,0.6043799772468714,0.5478105536016411,3516.0
