,precision,recall,f1-score,support
False,0.0,0.0,0.0,0.0
True,1.0,0.6817952597075139,0.8107946026986507,3966.0
accuracy,0.6817952597075139,0.6817952597075139,0.6817952597075139,0.6817952597075139
macro avg,0.5,0.34089762985375693,0.40539730134932533,3966.0
weighted avg,1.0,0.6817952597075139,0.8107946026986507,3966.0
