,precision,recall,f1-score,support
False,0.13302034428794993,0.9953161592505855,0.2346769740474876,427.0
True,0.9974093264248705,0.2175141242937853,0.35714285714285715,3540.0
accuracy,0.3012351903201412,0.3012351903201412,0.3012351903201412,0.3012351903201412
macro avg,0.5652148353564102,0.6064151417721854,0.2959099155951724,3967.0
weighted avg,0.9043682133992932,0.3012351903201412,0.34396087275119525,3967.0
