,precision,recall,f1-score,support
False,0.26063829787234044,0.7509578544061303,0.38696939782823303,522.0
True,0.7929936305732485,0.3093167701863354,0.4450402144772118,1610.0
accuracy,0.4174484052532833,0.4174484052532833,0.4174484052532833,0.4174484052532833
macro avg,0.5268159642227944,0.5301373122962328,0.4160048061527224,2132.0
weighted avg,0.6626514712534202,0.4174484052532833,0.4308221252226307,2132.0
