,precision,recall,f1-score,support
False,0.327768014059754,0.9164619164619164,0.4828478964401295,407.0
True,0.9505813953488372,0.4608879492600423,0.6207878500237304,1419.0
accuracy,0.5624315443592552,0.5624315443592552,0.5624315443592552,0.5624315443592552
macro avg,0.6391747047042956,0.6886749328609794,0.5518178732319299,1826.0
weighted avg,0.8117615453024752,0.5624315443592552,0.5900421977189518,1826.0
