,precision,recall,f1-score,support
False,0.6514954486345904,0.9960238568588469,0.7877358490566039,503.0
True,0.975609756097561,0.22988505747126436,0.37209302325581395,348.0
accuracy,0.6827262044653349,0.6827262044653349,0.6827262044653349,0.6827262044653349
macro avg,0.8135526023660757,0.6129544571650556,0.579914436156209,851.0
weighted avg,0.7840357294772622,0.6827262044653349,0.6177667499042244,851.0
