,precision,recall,f1-score,support
False,0.8582995951417004,0.5260545905707196,0.6523076923076924,403.0
True,0.12385321100917432,0.43548387096774194,0.19285714285714287,62.0
accuracy,0.513978494623656,0.513978494623656,0.513978494623656,0.513978494623656
macro avg,0.4910764030754374,0.4807692307692307,0.4225824175824176,465.0
weighted avg,0.760373410590697,0.513978494623656,0.591047619047619,465.0
