,precision,recall,f1-score,support
False,1.0,0.924968474148802,0.9610219456272519,1586.0
True,0.0,0.0,0.0,0.0
accuracy,0.924968474148802,0.924968474148802,0.924968474148802,0.924968474148802
macro avg,0.5,0.462484237074401,0.4805109728136259,1586.0
weighted avg,1.0,0.924968474148802,0.9610219456272517,1586.0
