,precision,recall,f1-score,support
False,0.06426592797783934,0.4566929133858268,0.11267605633802817,254.0
True,0.9247135842880524,0.500886524822695,0.649798734905118,3384.0
accuracy,0.49780098955470037,0.49780098955470037,0.49780098955470037,0.49780098955470037
macro avg,0.4944897561329459,0.47878971910426094,0.38123739562157305,3638.0
weighted avg,0.864638349350506,0.49780098955470037,0.6122975913218193,3638.0
