,precision,recall,f1-score,support
False,0.17147192716236723,1.0,0.2927461139896373,113.0
True,1.0,0.2288135593220339,0.37241379310344824,708.0
accuracy,0.33495736906211937,0.33495736906211937,0.33495736906211937,0.33495736906211937
macro avg,0.5857359635811836,0.614406779661017,0.3325799535465428,821.0
weighted avg,0.8859638584279507,0.33495736906211937,0.36144857052140117,821.0
