,precision,recall,f1-score,support
False,0.23088455772113944,0.9935483870967742,0.3746958637469586,310.0
True,0.9896907216494846,0.15763546798029557,0.2719546742209632,1218.0
accuracy,0.32722513089005234,0.32722513089005234,0.32722513089005234,0.32722513089005234
macro avg,0.610287639685312,0.5755919275385348,0.3233252689839609,1528.0
weighted avg,0.8357444449362732,0.32722513089005234,0.2927987637190382,1528.0
