,precision,recall,f1-score,support
False,0.16537132987910189,1.0,0.28380881808077063,383.0
True,1.0,0.1700300558179476,0.29064220183486233,2329.0
accuracy,0.28724188790560473,0.28724188790560473,0.28724188790560473,0.28724188790560473
macro avg,0.582685664939551,0.5850150279089739,0.2872255099578165,2712.0
weighted avg,0.882130243120832,0.28724188790560473,0.2896771627574961,2712.0
