,precision,recall,f1-score,support
False,0.03561643835616438,0.9701492537313433,0.06871035940803383,134.0
True,0.9952885747938751,0.19358533791523483,0.32412734944380517,4365.0
accuracy,0.2167148255167815,0.2167148255167815,0.2167148255167815,0.2167148255167815
macro avg,0.5154525065750197,0.5818672958232891,0.1964188544259195,4499.0
weighted avg,0.9667053193409626,0.2167148255167815,0.3165199085314261,4499.0
