,precision,recall,f1-score,support
False,0.015440508628519528,0.425,0.029798422436459245,40.0
True,0.9761410788381742,0.46469135802469136,0.6296420207427234,2025.0
accuracy,0.4639225181598063,0.4639225181598063,0.4639225181598063,0.4639225181598063
macro avg,0.4957907937333469,0.4448456790123457,0.3297202215895913,2065.0
weighted avg,0.9575318668244279,0.4639225181598063,0.6180227742864277,2065.0
