,precision,recall,f1-score,support
False,0.2216624685138539,0.4536082474226804,0.29780033840947545,194.0
True,0.9496437054631829,0.8661178509532063,0.9059596646272376,2308.0
accuracy,0.8341326938449241,0.8341326938449241,0.8341326938449241,0.8341326938449241
macro avg,0.5856530869885184,0.6598630491879434,0.6018800015183565,2502.0
weighted avg,0.8931975184255451,0.8341326938449241,0.8588042252642296,2502.0
