,precision,recall,f1-score,support
False,0.29945054945054944,0.989409984871407,0.45975395430579963,661.0
True,0.9804469273743017,0.18660287081339713,0.31353282715497993,1881.0
accuracy,0.3953579858379229,0.3953579858379229,0.3953579858379229,0.3953579858379229
macro avg,0.6399487384124256,0.5880064278424021,0.3866433907303898,2542.0
weighted avg,0.8033664372847659,0.3953579858379229,0.3515549219805865,2542.0
