,precision,recall,f1-score,support
False,0.5202312138728323,1.0,0.6844106463878327,630.0
True,1.0,0.1941747572815534,0.3252032520325203,721.0
accuracy,0.5699481865284974,0.5699481865284974,0.5699481865284974,0.5699481865284974
macro avg,0.7601156069364161,0.5970873786407767,0.5048069492101765,1351.0
weighted avg,0.7762736230495073,0.5699481865284974,0.49270929085105974,1351.0
