,precision,recall,f1-score,support
False,0.2993587580155248,0.7849557522123893,0.4334229171756658,1130.0
True,0.5605786618444847,0.12992455993294216,0.21095610751956448,2386.0
accuracy,0.34044368600682595,0.34044368600682595,0.34044368600682595,0.34044368600682595
macro avg,0.42996870993000474,0.45744015607266575,0.3221895123476151,3516.0
weighted avg,0.4766257348459851,0.34044368600682595,0.28245425738059815,3516.0
