,precision,recall,f1-score,support
False,0.0,0.0,0.0,0.0
True,1.0,0.04084720121028744,0.07848837209302326,3966.0
accuracy,0.04084720121028744,0.04084720121028744,0.04084720121028744,0.04084720121028744
macro avg,0.5,0.02042360060514372,0.03924418604651163,3966.0
weighted avg,1.0,0.04084720121028744,0.07848837209302326,3966.0
