,precision,recall,f1-score,support
False,0.2673559822747415,0.565625,0.3630892678034102,320.0
True,0.7055084745762712,0.4016887816646562,0.5119139123750961,829.0
accuracy,0.44734551784160137,0.44734551784160137,0.44734551784160137,0.44734551784160137
macro avg,0.4864322284255064,0.4836568908323281,0.43750159008925316,1149.0
weighted avg,0.5834816708021289,0.44734551784160137,0.47046579552310347,1149.0
