,precision,recall,f1-score,support
False,0.16194221421158994,0.8624200116346713,0.27268128937324687,3438.0
True,0.7982942430703625,0.1087360594795539,0.19140125760441695,17216.0
accuracy,0.23419192408250217,0.23419192408250217,0.23419192408250217,0.23419192408250217
macro avg,0.4801182286409762,0.4855780355571126,0.2320412734888319,20654.0
weighted avg,0.6923690820741167,0.23419192408250217,0.2049308765267195,20654.0
