,precision,recall,f1-score,support
False,0.04017372421281216,0.8222222222222222,0.07660455486542443,45.0
True,0.6190476190476191,0.014492753623188406,0.028322440087145975,897.0
accuracy,0.05307855626326964,0.05307855626326964,0.05307855626326964,0.05307855626326964
macro avg,0.3296106716302156,0.4183574879227053,0.052463497476285204,942.0
weighted avg,0.5913944075109245,0.05307855626326964,0.030628910538337623,942.0
