,precision,recall,f1-score,support
False,0.2813969106783076,0.9088937093275488,0.4297435897435897,461.0
True,0.6666666666666666,0.07279029462738301,0.13125,1154.0
accuracy,0.31145510835913315,0.31145510835913315,0.31145510835913315,0.31145510835913315
macro avg,0.4740317886724871,0.49084200197746586,0.28049679487179485,1615.0
weighted avg,0.5566918322947573,0.31145510835913315,0.21645467174724142,1615.0
