,precision,recall,f1-score,support
False,0.28803963198867655,1.0,0.4472527472527473,407.0
True,1.0,0.29105003523608175,0.4508733624454148,1419.0
accuracy,0.44906900328587074,0.44906900328587074,0.44906900328587074,0.44906900328587074
macro avg,0.6440198159943382,0.6455250176180409,0.44906305484908104,1826.0
weighted avg,0.8413100384553074,0.44906900328587074,0.45006635785427807,1826.0
