,precision,recall,f1-score,support
False,0.026737967914438502,1.0,0.05208333333333333,40.0
True,1.0,0.28098765432098766,0.4387047031611411,2025.0
accuracy,0.29491525423728815,0.29491525423728815,0.29491525423728815,0.29491525423728815
macro avg,0.5133689839572193,0.6404938271604939,0.2453940182472372,2065.0
weighted avg,0.9811474666908365,0.29491525423728815,0.43121566936302375,2065.0
