,precision,recall,f1-score,support
False,1.0,0.7780928748670685,0.8751993620414673,2821.0
True,0.0,1.0,0.0,0.0
accuracy,0.7780928748670685,0.7780928748670685,0.7780928748670685,0.7780928748670685
macro avg,0.5,0.8890464374335343,0.43759968102073366,2821.0
weighted avg,1.0,0.7780928748670685,0.8751993620414673,2821.0
