,precision,recall,f1-score,support
False,0.23273273273273273,1.0,0.37758830694275275,310.0
True,1.0,0.16091954022988506,0.2772277227722772,1218.0
accuracy,0.331151832460733,0.331151832460733,0.331151832460733,0.331151832460733
macro avg,0.6163663663663663,0.5804597701149425,0.327408014857515,1528.0
weighted avg,0.8443371381853056,0.331151832460733,0.29758883605293646,1528.0
