,precision,recall,f1-score,support
False,0.08882521489971347,1.0,0.1631578947368421,93.0
True,1.0,0.13508612873980055,0.2380191693290735,1103.0
accuracy,0.20234113712374582,0.20234113712374582,0.20234113712374582,0.20234113712374582
macro avg,0.5444126074498568,0.5675430643699003,0.2005885320329578,1196.0
weighted avg,0.9291477800883557,0.20234113712374582,0.23219801670609894,1196.0
