,precision,recall,f1-score,support
False,0.315893385982231,1.0,0.48012003000750186,320.0
True,1.0,0.1640530759951749,0.2818652849740933,829.0
accuracy,0.3968668407310705,0.3968668407310705,0.3968668407310705,0.3968668407310705
macro avg,0.6579466929911155,0.5820265379975874,0.3809926574907976,1149.0
weighted avg,0.8094742241203776,0.3968668407310705,0.3370798353750426,1149.0
