,precision,recall,f1-score,support
False,0.0,1.0,0.0,0.0
True,1.0,0.0012607160867372667,0.0025182573659027953,3966.0
accuracy,0.0012607160867372667,0.0012607160867372667,0.0012607160867372667,0.0012607160867372667
macro avg,0.5,0.5006303580433686,0.0012591286829513977,3966.0
weighted avg,1.0,0.0012607160867372667,0.0025182573659027953,3966.0
