,precision,recall,f1-score,support
False,0.0,0.0,0.0,320.0
True,0.6566523605150214,0.738238841978287,0.6950596252129471,829.0
accuracy,0.5326370757180157,0.5326370757180157,0.5326370757180157,0.5326370757180157
macro avg,0.3283261802575107,0.3691194209891435,0.34752981260647353,1149.0
weighted avg,0.473772677865059,0.5326370757180157,0.5014834023512037,1149.0
