,precision,recall,f1-score,support
False,0.5276381909547738,1.0,0.6907894736842105,630.0
True,1.0,0.217753120665742,0.3576309794988611,721.0
accuracy,0.5825314581791265,0.5825314581791265,0.5825314581791265,0.5825314581791265
macro avg,0.7638190954773869,0.608876560332871,0.5242102265915358,1351.0
weighted avg,0.779727653813107,0.5825314581791265,0.5129898627977286,1351.0
