,precision,recall,f1-score,support
False,0.09730363423212192,0.8924731182795699,0.17547568710359407,93.0
True,0.9708454810495627,0.3019038984587489,0.4605809128630705,1103.0
accuracy,0.34782608695652173,0.34782608695652173,0.34782608695652173,0.34782608695652173
macro avg,0.5340745576408423,0.5971885083691594,0.31802829998333226,1196.0
weighted avg,0.9029195682117516,0.34782608695652173,0.43841135935501757,1196.0
