,precision,recall,f1-score,support
False,0.1816026552868658,1.0,0.3073836276083467,383.0
True,1.0,0.2589094031773293,0.4113233287858117,2329.0
accuracy,0.3635693215339233,0.3635693215339233,0.3635693215339233,0.3635693215339233
macro avg,0.590801327643433,0.6294547015886647,0.3593534781970792,2712.0
weighted avg,0.8844224988845389,0.36356932153392324,0.3966445288038909,2712.0
