,precision,recall,f1-score,support
False,0.0,0.0,0.0,320.0
True,0.6837944664031621,0.8347406513872135,0.7517653449212385,829.0
accuracy,0.6022628372497825,0.6022628372497825,0.6022628372497825,0.6022628372497825
macro avg,0.34189723320158105,0.41737032569360677,0.37588267246061924,1149.0
weighted avg,0.49335562458504906,0.6022628372497825,0.5423964063879083,1149.0
