,precision,recall,f1-score,support
False,0.5527240773286467,0.9984126984126984,0.7115384615384616,630.0
True,0.9953051643192489,0.29403606102635227,0.4539614561027837,721.0
accuracy,0.622501850481125,0.622501850481125,0.622501850481125,0.622501850481125
macro avg,0.7740146208239478,0.6462243797195253,0.5827499588206226,1351.0
weighted avg,0.7889202014738904,0.622501850481125,0.5740750855805609,1351.0
