,precision,recall,f1-score,support
False,0.0,1.0,0.0,0.0
True,1.0,0.08522440746343923,0.1570631970260223,3966.0
accuracy,0.08522440746343923,0.08522440746343923,0.08522440746343923,0.08522440746343923
macro avg,0.5,0.5426122037317196,0.07853159851301116,3966.0
weighted avg,1.0,0.08522440746343923,0.1570631970260223,3966.0
