,precision,recall,f1-score,support
False,0.2515391380826737,0.6203904555314533,0.3579474342928661,461.0
True,0.6338912133891214,0.26256499133448874,0.3713235294117647,1154.0
accuracy,0.36470588235294116,0.36470588235294116,0.36470588235294116,0.36470588235294116
macro avg,0.4427151757358975,0.44147772343297104,0.3646354818523154,1615.0
weighted avg,0.5247492278062902,0.36470588235294116,0.36750533755429576,1615.0
