,precision,recall,f1-score
mean_true_class,0.7556192538351559,0.7089364474337898,0.7020649185360722
mean_false_class,0.17739206891495443,0.24785116022830608,0.1554004545567505
mean_weighted,0.737785015639092,0.6164589459862333,0.6427567770474628
