,precision,recall,f1-score,support
False,0.09103840682788052,0.25196850393700787,0.13375130616509928,254.0
True,0.9352640545144804,0.8111702127659575,0.8688083557524925,3384.0
accuracy,0.7721275426058274,0.7721275426058274,0.7721275426058274,0.7721275426058274
macro avg,0.5131512306711804,0.5315693583514827,0.5012798309587959,3638.0
weighted avg,0.8763214172103583,0.7721275426058274,0.8174877151270945,3638.0
