,precision,recall,f1-score,support
False,0.0,0.0,0.0,93.0
True,0.9105769230769231,0.8585675430643699,0.8838077461502566,1103.0
accuracy,0.7918060200668896,0.7918060200668896,0.7918060200668896,0.7918060200668896
macro avg,0.45528846153846153,0.42928377153218494,0.4419038730751283,1196.0
weighted avg,0.8397711924363263,0.7918060200668896,0.8150835652205125,1196.0
