,precision,recall,f1-score,support
False,0.04878048780487805,0.03870967741935484,0.04316546762589928,310.0
True,0.7675507020280812,0.8078817733990148,0.7871999999999999,1218.0
accuracy,0.6518324607329843,0.6518324607329843,0.6518324607329843,0.6518324607329843
macro avg,0.40816559491647963,0.4232957254091848,0.41518273381294957,1528.0
weighted avg,0.6217269020220648,0.6518324607329843,0.6362505857094429,1528.0
