,precision,recall,f1-score,support
False,0.3407880724174654,1.0,0.5083399523431295,320.0
True,1.0,0.25331724969843183,0.40423484119345526,829.0
accuracy,0.46127067014795475,0.46127067014795475,0.46127067014795475,0.46127067014795475
macro avg,0.6703940362087327,0.6266586248492159,0.45628739676829233,1149.0
weighted avg,0.8164074701249686,0.46127067014795475,0.4332284317660364,1149.0
