,precision,recall,f1-score,support
False,0.30429042904290426,1.0,0.4665991902834008,461.0
True,1.0,0.08665511265164645,0.1594896331738437,1154.0
accuracy,0.3473684210526316,0.3473684210526316,0.3473684210526316,0.3473684210526316
macro avg,0.6521452145214521,0.5433275563258232,0.31304441172862224,1615.0
weighted avg,0.8014104568351571,0.3473684210526316,0.24715372346951295,1615.0
