,precision,recall,f1-score,support
False,0.16584269662921347,0.8641686182669789,0.27828054298642535,427.0
True,0.9667049368541906,0.47570621468926555,0.6376372586141613,3540.0
accuracy,0.5175195361734308,0.5175195361734308,0.5175195361734308,0.5175195361734308
macro avg,0.5662738167417021,0.6699374164781222,0.45795890080029333,3967.0
weighted avg,0.8805017161392762,0.5175195361734308,0.5989568155657511,3967.0
