,precision,recall,f1-score
mean_true_class,0.7675457425498599,0.4864502173942624,0.5494689244867
mean_false_class,0.2097667274007954,0.4619194935646141,0.23249613338799358
mean_weighted,0.7585974485030561,0.5004264975095603,0.547893422332679
