,precision,recall,f1-score,support
False,0.6351351351351351,0.11662531017369727,0.1970649895178197,403.0
True,0.08951406649616368,0.5645161290322581,0.1545253863134658,62.0
accuracy,0.17634408602150536,0.17634408602150536,0.17634408602150536,0.17634408602150536
macro avg,0.3623246008156494,0.3405707196029777,0.17579518791564275,465.0
weighted avg,0.5623856593166056,0.17634408602150536,0.19139304242390584,465.0
