,precision,recall,f1-score,support
False,0.10262828535669587,0.8817204301075269,0.18385650224215244,93.0
True,0.9722921914357683,0.3499546690843155,0.5146666666666666,1103.0
accuracy,0.391304347826087,0.391304347826087,0.391304347826087,0.391304347826087
macro avg,0.537460238396232,0.6158375495959212,0.3492615844544095,1196.0
weighted avg,0.9046678241570445,0.391304347826087,0.48894313381425875,1196.0
