,precision,recall,f1-score,support
False,0.22351885098743268,0.22035398230088496,0.22192513368983957,1130.0
True,0.6332223147377186,0.6374685666387259,0.6353383458646616,2386.0
accuracy,0.5034129692832765,0.5034129692832765,0.5034129692832765,0.5034129692832765
macro avg,0.4283705828625757,0.4289112744698054,0.4286317397772506,3516.0
weighted avg,0.5015485621672342,0.5034129692832765,0.5024723248869742,3516.0
