,precision,recall,f1-score,support
False,0.13272010512483573,0.4700407213496219,0.2069937235814013,3438.0
True,0.7850908233073838,0.38661710037174724,0.5180976103370436,17216.0
accuracy,0.40050353442432457,0.40050353442432457,0.40050353442432457,0.40050353442432457
macro avg,0.4589054642161098,0.4283289108606846,0.36254566695922247,20654.0
weighted avg,0.6764992415744701,0.40050353442432457,0.4663122340096543,20654.0
