,precision,recall,f1-score,support
False,0.09412955465587045,1.0,0.17206290471785385,93.0
True,1.0,0.1885766092475068,0.31731502669717776,1103.0
accuracy,0.2516722408026756,0.2516722408026756,0.2516722408026756,0.2516722408026756
macro avg,0.5470647773279352,0.5942883046237534,0.2446889657075158,1196.0
weighted avg,0.9295602412901304,0.2516722408026756,0.30602033828239755,1196.0
