,precision,recall,f1-score,support
False,1.0,0.9595887982984758,0.9793777134587554,2821.0
True,0.0,1.0,0.0,0.0
accuracy,0.9595887982984758,0.9595887982984758,0.9595887982984758,0.9595887982984758
macro avg,0.5,0.9797943991492379,0.4896888567293777,2821.0
weighted avg,1.0,0.9595887982984758,0.9793777134587554,2821.0
