,precision,recall,f1-score,support
False,0.3093121197941039,1.0,0.4724803431022159,661.0
True,1.0,0.215311004784689,0.35433070866141736,1881.0
accuracy,0.41935483870967744,0.41935483870967744,0.41935483870967744,0.41935483870967744
macro avg,0.6546560598970519,0.6076555023923444,0.41340552588181667,2542.0
weighted avg,0.820399414313101,0.41935483870967744,0.3850533319365424,2542.0
