,precision,recall,f1-score,support
False,0.0,1.0,0.0,0.0
True,1.0,0.020740351798372275,0.04063786008230453,3809.0
accuracy,0.020740351798372275,0.020740351798372275,0.020740351798372275,0.020740351798372275
macro avg,0.5,0.5103701758991861,0.020318930041152265,3809.0
weighted avg,1.0,0.020740351798372275,0.04063786008230453,3809.0
