,precision,recall,f1-score,support
False,0.0,1.0,0.0,0.0
True,1.0,0.9878721058434399,0.9938990571270105,1814.0
accuracy,0.9878721058434399,0.9878721058434399,0.9878721058434399,0.9878721058434399
macro avg,0.5,0.9939360529217199,0.49694952856350527,1814.0
weighted avg,1.0,0.9878721058434399,0.9938990571270105,1814.0
