,precision,recall,f1-score,support
False,0.02608695652173913,0.010416666666666666,0.014888337468982627,288.0
True,0.8177749360613811,0.9194823867721064,0.8656514382402706,1391.0
accuracy,0.7635497319833234,0.7635497319833234,0.7635497319833234,0.7635497319833234
macro avg,0.4219309462915601,0.4649495267193865,0.4402698878546266,1679.0
weighted avg,0.6819761641093759,0.7635497319833234,0.7197194709846833,1679.0
