,precision,recall,f1-score,support
False,0.6785714285714286,0.9803439803439803,0.8020100502512563,407.0
True,0.9935379644588045,0.8668076109936576,0.925856228829507,1419.0
accuracy,0.8921139101861993,0.8921139101861993,0.8921139101861993,0.8921139101861993
macro avg,0.8360546965151165,0.9235757956688189,0.8639331395403816,1826.0
weighted avg,0.9233345799537871,0.8921139101861993,0.8982519601102584,1826.0
