,precision,recall,f1-score,support
False,0.2826321467098166,0.5019157088122606,0.3616287094547964,522.0
True,0.7842323651452282,0.5869565217391305,0.6714031971580817,1610.0
accuracy,0.5661350844277674,0.5661350844277674,0.5661350844277674,0.5661350844277674
macro avg,0.5334322559275224,0.5444361152756956,0.5165159533064391,2132.0
weighted avg,0.6614203041586969,0.5661350844277674,0.595557848855495,2132.0
