,precision,recall,f1-score,support
False,0.5889748549323017,0.9666666666666667,0.7319711538461539,630.0
True,0.9337539432176656,0.4105409153952843,0.5703275529865125,721.0
accuracy,0.6698741672834937,0.6698741672834937,0.6698741672834937,0.6698741672834937
macro avg,0.7613643990749837,0.6886037910309755,0.6511493534163332,1351.0
weighted avg,0.7729761300275995,0.6698741672834937,0.645705397946967,1351.0
