,precision,recall,f1-score,support
False,0.0,0.0,0.0,194.0
True,0.920032976092333,0.9670710571923743,0.9429657794676806,2308.0
accuracy,0.8920863309352518,0.8920863309352518,0.8920863309352518,0.8920863309352518
macro avg,0.4600164880461665,0.48353552859618715,0.4714828897338403,2502.0
weighted avg,0.8486954871387308,0.8920863309352518,0.8698501275025606,2502.0
