,precision,recall,f1-score,support
False,0.0,1.0,0.0,0.0
True,1.0,0.5201714573877962,0.6843589318294908,3966.0
accuracy,0.5201714573877962,0.5201714573877962,0.5201714573877962,0.5201714573877962
macro avg,0.5,0.7600857286938981,0.3421794659147454,3966.0
weighted avg,1.0,0.5201714573877962,0.6843589318294908,3966.0
