,precision,recall,f1-score,support
False,0.02752924982794219,1.0,0.0535833891493637,40.0
True,1.0,0.3022222222222222,0.4641638225255973,2025.0
accuracy,0.31573849878934623,0.31573849878934623,0.31573849878934623,0.31573849878934623
macro avg,0.5137646249139711,0.6511111111111111,0.2588736058374805,2065.0
weighted avg,0.9811627941855292,0.31573849878934623,0.4562106906442175,2065.0
