,precision,recall,f1-score,support
False,0.032722832722832725,1.0,0.06337195554504611,134.0
True,1.0,0.09255441008018328,0.16942755294611028,4365.0
accuracy,0.11958212936208046,0.11958212936208046,0.11958212936208046,0.11958212936208046
macro avg,0.5163614163614164,0.5462772050400917,0.11639975424557819,4499.0
weighted avg,0.9711902332929228,0.11958212936208046,0.16626875097861915,4499.0
