,precision,recall,f1-score,support
False,0.20951859956236324,1.0,0.3464495703301674,383.0
True,1.0,0.3795620437956204,0.5502645502645502,2329.0
accuracy,0.4671828908554572,0.4671828908554572,0.4671828908554572,0.4671828908554572
macro avg,0.6047592997811816,0.6897810218978102,0.4483570602973588,2712.0
weighted avg,0.8883649054691686,0.4671828908554572,0.5214809450599527,2712.0
