,precision,recall,f1-score,support
False,0.2343558282208589,0.41431670281995664,0.2993730407523511,461.0
True,0.6625,0.4592720970537262,0.5424769703172979,1154.0
accuracy,0.44643962848297214,0.44643962848297214,0.44643962848297214,0.44643962848297214
macro avg,0.4484279141104294,0.43679439993684144,0.4209250055348245,1615.0
weighted avg,0.5402867100989572,0.44643962848297214,0.4730832170482946,1615.0
