,precision,recall,f1-score,support
False,0.12166538164996145,0.45898778359511344,0.19234519746465137,3438.0
True,0.7579385736595523,0.3382899628252788,0.46779116465863446,17216.0
accuracy,0.35838094315871016,0.35838094315871016,0.35838094315871016,0.35838094315871016
macro avg,0.43980197765475687,0.3986388732101961,0.33006818106164293,20654.0
weighted avg,0.6520265355977254,0.35838094315871016,0.42194129367902206,20654.0
