,precision,recall,f1-score,support
False,0.0,1.0,0.0,0.0
True,1.0,0.3118928852717249,0.47548529117470484,3809.0
accuracy,0.3118928852717249,0.3118928852717249,0.3118928852717249,0.3118928852717249
macro avg,0.5,0.6559464426358624,0.23774264558735242,3809.0
weighted avg,1.0,0.3118928852717249,0.47548529117470484,3809.0
