,precision,recall,f1-score,support
False,0.21564885496183206,1.0,0.35478806907378335,113.0
True,1.0,0.4194915254237288,0.591044776119403,708.0
accuracy,0.4993909866017052,0.4993909866017052,0.4993909866017052,0.4993909866017052
macro avg,0.607824427480916,0.7097457627118644,0.47291642259659317,821.0
weighted avg,0.8920442394770853,0.4993909866017052,0.5585271051131241,821.0
