,precision,recall,f1-score,support
False,0.22699386503067484,0.22920353982300884,0.2280933509467195,1130.0
True,0.6332631578947369,0.6303436714165969,0.6318000420079817,2386.0
accuracy,0.5014220705346986,0.5014220705346986,0.5014220705346986,0.5014220705346986
macro avg,0.43012851146270586,0.4297736056198028,0.4299466964773506,3516.0
weighted avg,0.502693106433875,0.5014220705346986,0.5020535798637193,3516.0
