,precision,recall,f1-score,support
False,0.09144542772861357,1.0,0.16756756756756755,93.0
True,1.0,0.16228467815049863,0.2792511700468019,1103.0
accuracy,0.22742474916387959,0.22742474916387959,0.22742474916387959,0.22742474916387959
macro avg,0.5457227138643068,0.5811423390752493,0.2234093688071847,1196.0
weighted avg,0.92935152573475,0.22742474916387959,0.2705667427637176,1196.0
