,precision,recall,f1-score,support
False,0.23574144486692014,1.0,0.3815384615384615,310.0
True,1.0,0.1748768472906404,0.2976939203354298,1218.0
accuracy,0.34227748691099474,0.34227748691099474,0.34227748691099474,0.34227748691099474
macro avg,0.6178707224334601,0.5874384236453202,0.3396161909369456,1528.0
weighted avg,0.8449475444428961,0.34227748691099474,0.31470426573656846,1528.0
