,precision,recall,f1-score,support
False,0.5247275775356245,0.9936507936507937,0.686780032912781,630.0
True,0.9746835443037974,0.21359223300970873,0.35039817974971554,721.0
accuracy,0.5773501110288675,0.5773501110288675,0.5773501110288675,0.5773501110288675
macro avg,0.749705560919711,0.6036215133302512,0.5185891063312482,1351.0
weighted avg,0.7648595183497271,0.5773501110288675,0.5072601838153937,1351.0
