,precision,recall,f1-score,support
False,0.1962776889700845,1.0,0.3281473704304667,3438.0
True,1.0,0.18227230483271376,0.30834234057187776,17216.0
accuracy,0.31838868984216134,0.31838868984216134,0.31838868984216134,0.31838868984216134
macro avg,0.5981388444850423,0.5911361524163569,0.3182448555011722,20654.0
weighted avg,0.866214907266348,0.31838868984216134,0.31163902366734736,20654.0
