,precision,recall,f1-score,support
False,0.0,1.0,0.0,0.0
True,1.0,0.3914002205071665,0.5625990491283677,1814.0
accuracy,0.3914002205071665,0.3914002205071665,0.3914002205071665,0.3914002205071665
macro avg,0.5,0.6957001102535832,0.28129952456418383,1814.0
weighted avg,1.0,0.3914002205071665,0.5625990491283677,1814.0
