,precision,recall,f1-score,support
False,0.3687315634218289,0.9946949602122016,0.5380200860832137,377.0
True,0.9933333333333333,0.3170212765957447,0.4806451612903226,940.0
accuracy,0.5110098709187547,0.5110098709187547,0.5110098709187547,0.5110098709187547
macro avg,0.6810324483775811,0.6558581184039731,0.5093326236867681,1317.0
weighted avg,0.8145369269121965,0.5110098709187547,0.4970691147048404,1317.0
