,precision,recall,f1-score,support
False,0.11351351351351352,0.1875,0.1414141414141414,112.0
True,0.35,0.2300469483568075,0.27762039660056653,213.0
accuracy,0.2153846153846154,0.2153846153846154,0.2153846153846154,0.2153846153846154
macro avg,0.23175675675675675,0.20877347417840375,0.20951726900735396,325.0
weighted avg,0.26850311850311853,0.2153846153846154,0.2306816255824754,325.0
