,precision,recall,f1-score,support
False,0.013937282229965157,0.013888888888888888,0.01391304347826087,288.0
True,0.7959770114942529,0.796549245147376,0.7962630255120374,1391.0
accuracy,0.6622989874925551,0.6622989874925551,0.6622989874925551,0.6622989874925551
macro avg,0.40495714686210904,0.40521906701813243,0.40508803449514913,1679.0
weighted avg,0.6618332104054412,0.6622989874925551,0.662066006556869,1679.0
