,precision,recall,f1-score,support
False,0.4716106604866744,1.0,0.6409448818897638,407.0
True,1.0,0.678646934460888,0.8085642317380354,1419.0
accuracy,0.7502738225629791,0.7502738225629791,0.7502738225629791,0.7502738225629791
macro avg,0.7358053302433372,0.8393234672304439,0.7247545568138996,1826.0
weighted avg,0.8822264725181143,0.7502738225629791,0.7712032923140231,1826.0
