,precision,recall,f1-score,support
False,0.2551822730521801,0.6839080459770115,0.3716814159292035,522.0
True,0.7748976807639836,0.3527950310559006,0.48484848484848486,1610.0
accuracy,0.43386491557223267,0.43386491557223267,0.43386491557223267,0.43386491557223267
macro avg,0.5150399769080818,0.5183515385164561,0.42826495038884416,2132.0
weighted avg,0.6476502873185984,0.43386491557223267,0.45714060024442066,2132.0
