,precision,recall,f1-score,support
False,0.0,1.0,0.0,0.0
True,1.0,0.05118507312153303,0.09738546414008155,3966.0
accuracy,0.05118507312153303,0.05118507312153303,0.05118507312153303,0.05118507312153303
macro avg,0.5,0.5255925365607665,0.048692732070040774,3966.0
weighted avg,1.0,0.05118507312153303,0.09738546414008155,3966.0
