,precision,recall,f1-score,support
False,0.004672897196261682,0.005154639175257732,0.0049019607843137246,194.0
True,0.9156468531468531,0.9077123050259965,0.9116623150565709,2308.0
accuracy,0.8377298161470823,0.8377298161470823,0.8377298161470823,0.8377298161470823
macro avg,0.4601598751715574,0.4564334721006271,0.4582821379204423,2502.0
weighted avg,0.8450117822218273,0.8377298161470823,0.8413539582504888,2502.0
