,precision,recall,f1-score,support
False,0.024829298572315334,1.0,0.048455481526347675,40.0
True,1.0,0.22419753086419753,0.3662767244856797,2025.0
accuracy,0.23922518159806294,0.23922518159806294,0.23922518159806294,0.23922518159806294
macro avg,0.5124146492861577,0.6120987654320987,0.20736610300601369,2065.0
weighted avg,0.9811104948875993,0.23922518159806294,0.3601203807963948,2065.0
