,precision,recall,f1-score,support
False,0.3204071740184198,1.0,0.4853157121879589,661.0
True,1.0,0.25465178096757046,0.4059322033898305,1881.0
accuracy,0.44846577498033047,0.44846577498033047,0.44846577498033047,0.44846577498033047
macro avg,0.6602035870092099,0.6273258904837853,0.4456239577888947,2542.0
weighted avg,0.8232844775870084,0.44846577498033047,0.42657441397817153,2542.0
