,precision,recall,f1-score,support
False,0.5219552609776305,1.0,0.6859009254218835,630.0
True,1.0,0.19972260748959778,0.3329479768786127,721.0
accuracy,0.5729089563286455,0.5729089563286455,0.5729089563286455,0.5729089563286455
macro avg,0.7609776304888152,0.5998613037447988,0.5094244511502481,1351.0
weighted avg,0.7770775828393094,0.5729089563286455,0.49753743474853174,1351.0
