,precision,recall,f1-score,support
False,0.03163361661945231,1.0,0.06132723112128145,134.0
True,1.0,0.06025200458190149,0.11365600691443388,4365.0
accuracy,0.08824183151811514,0.08824183151811514,0.08824183151811514,0.08824183151811514
macro avg,0.5158168083097262,0.5301260022909507,0.08749161901785767,4499.0
weighted avg,0.97115779164859,0.08824183151811514,0.11209742590614706,4499.0
