,precision,recall,f1-score,support
False,0.0,1.0,0.0,0.0
True,1.0,0.040955631399317405,0.07868852459016394,3809.0
accuracy,0.040955631399317405,0.040955631399317405,0.040955631399317405,0.040955631399317405
macro avg,0.5,0.5204778156996587,0.03934426229508197,3809.0
weighted avg,1.0,0.040955631399317405,0.07868852459016394,3809.0
