,precision,recall,f1-score,support
False,0.14458039939974604,0.7286212914485166,0.24128298979002116,3438.0
True,0.7196514423076923,0.13911477695167287,0.23315809968847354,17216.0
accuracy,0.2372421806913915,0.2372421806913915,0.2372421806913915,0.2372421806913915
macro avg,0.4321159208537192,0.43386803420009473,0.23722054473924736,20654.0
weighted avg,0.623926921850758,0.2372421806913915,0.23451054338795646,20654.0
