precision,recall,f1
23.0,23.0,23.0
0.7551709075155096,0.9258029974240888,0.8130702375524086
0.26465071689246894,0.20380105058396988,0.24410527438718915
0.0,0.0,0.0
0.711437293370979,0.9487391609047344,0.8140101497452945
0.8339785811252451,0.9725988700564971,0.8940574046624444
0.9269748375317735,0.9889220557066236,0.9509146579063673
1.0,0.9994683678894205,0.9881790410413069
