,precision,recall,f1-score,support
False,0.5683760683760684,0.9803439803439803,0.7195671776375112,407.0
True,0.9928825622775801,0.7864693446088795,0.8777034998033819,1419.0
accuracy,0.8296823658269441,0.8296823658269441,0.8296823658269441,0.8296823658269441
macro avg,0.7806293153268242,0.8834066624764298,0.7986353387204466,1826.0
weighted avg,0.8982636449621829,0.8296823658269441,0.842456247272435,1826.0
