,precision,recall,f1-score,support
False,0.04308390022675737,0.8444444444444444,0.08198489751887811,45.0
True,0.8833333333333333,0.059085841694537344,0.11076280041797282,897.0
accuracy,0.09660297239915075,0.09660297239915075,0.09660297239915075,0.09660297239915075
macro avg,0.4632086167800453,0.4517651430694909,0.09637384896842546,942.0
weighted avg,0.8431940292040383,0.09660297239915075,0.10938805983362115,942.0
