,precision,recall,f1-score,support
False,0.19203135205747876,0.6885245901639344,0.3003064351378958,427.0
True,0.9454022988505747,0.6505649717514125,0.7707496653279786,3540.0
accuracy,0.6546508696748172,0.6546508696748172,0.6546508696748172,0.6546508696748172
macro avg,0.5687168254540267,0.6695447809576734,0.5355280502329371,3967.0
weighted avg,0.864310946624547,0.6546508696748172,0.7201120905129634,3967.0
