,precision,recall,f1-score
mean_true_class,0.7518660756535106,0.6639584311981951,0.6732158562643312
mean_false_class,0.1767477241454216,0.26523285270198116,0.15831979086888304
mean_weighted,0.7359797262047046,0.5863201457441253,0.6221040987341387
