,precision,recall,f1-score,support
False,0.0,0.0,0.0,407.0
True,0.7617096018735363,0.9168428470754052,0.8321074512312121,1419.0
accuracy,0.712486308871851,0.712486308871851,0.712486308871851,0.712486308871851
macro avg,0.38085480093676816,0.4584214235377026,0.41605372561560605,1826.0
weighted avg,0.5919309556728084,0.712486308871851,0.64663771812546,1826.0
