,precision,recall,f1-score,support
False,0.21739130434782608,0.14601769911504425,0.17469560614081525,1130.0
True,0.6499818643453029,0.7510477787091366,0.6968695314019056,2386.0
accuracy,0.5565984072810012,0.5565984072810012,0.5565984072810012,0.5565984072810012
macro avg,0.4336865843465645,0.44853273891209045,0.4357825687713604,3516.0
weighted avg,0.5109524750400842,0.5565984072810012,0.5290491288009295,3516.0
