,precision,recall,f1-score,support
False,0.0,1.0,0.0,0.0
True,1.0,0.7529166666666667,0.8590444497266461,2400.0
accuracy,0.7529166666666667,0.7529166666666667,0.7529166666666667,0.7529166666666667
macro avg,0.5,0.8764583333333333,0.42952222486332303,2400.0
weighted avg,1.0,0.7529166666666667,0.8590444497266462,2400.0
