,precision,recall,f1-score,support
False,0.0,1.0,0.0,0.0
True,1.0,0.9972436604189636,0.9986199282362683,1814.0
accuracy,0.9972436604189636,0.9972436604189636,0.9972436604189636,0.9972436604189636
macro avg,0.5,0.9986218302094818,0.49930996411813416,1814.0
weighted avg,1.0,0.9972436604189636,0.9986199282362682,1814.0
