,precision,recall,f1-score,support
False,0.0,0.0,0.0,1696.0
True,0.2789115646258503,0.9924357034795764,0.43544639893793563,661.0
accuracy,0.278319898175647,0.278319898175647,0.278319898175647,0.278319898175647
macro avg,0.13945578231292516,0.4962178517397882,0.21772319946896782,2357.0
weighted avg,0.07821830471688038,0.278319898175647,0.12211712757656998,2357.0
