,precision,recall,f1-score,support
False,0.3275862068965517,0.36893203883495146,0.34703196347031967,103.0
True,0.5608108108108109,0.515527950310559,0.5372168284789645,161.0
accuracy,0.4583333333333333,0.4583333333333333,0.4583333333333333,0.4583333333333333
macro avg,0.4441985088536813,0.44222999457275525,0.44212439597464204,264.0
weighted avg,0.46981787822305066,0.4583333333333333,0.4630159152369553,264.0
