,precision,recall,f1-score,support
False,0.3222416812609457,0.3524904214559387,0.33668801463860926,522.0
True,0.783472133247918,0.7596273291925466,0.771365499842321,1610.0
accuracy,0.6599437148217636,0.6599437148217636,0.6599437148217636,0.6599437148217636
macro avg,0.5528569072544318,0.5560588753242426,0.5540267572404651,2132.0
weighted avg,0.6705442270860044,0.6599437148217636,0.6649388360166466,2132.0
