,precision,recall,f1-score,support
False,0.0,0.0,0.0,93.0
True,0.9115128449096099,0.8685403445149592,0.8895078922934078,1103.0
accuracy,0.8010033444816054,0.8010033444816054,0.8010033444816054,0.8010033444816054
macro avg,0.45575642245480497,0.4342701722574796,0.4447539461467039,1196.0
weighted avg,0.8406343377385449,0.8010033444816054,0.8203404725749405,1196.0
