,precision,recall,f1-score,support
False,0.0,0.0,0.0,320.0
True,0.7117117117117117,0.9529553679131484,0.8148530170190819,829.0
accuracy,0.6875543951261966,0.6875543951261966,0.6875543951261966,0.6875543951261966
macro avg,0.35585585585585583,0.4764776839565742,0.40742650850954093,1149.0
weighted avg,0.513497832035691,0.6875543951261966,0.5879139696334368,1149.0
