,precision,recall,f1-score,support
False,0.029154518950437316,1.0,0.05665722379603399,40.0
True,1.0,0.3422222222222222,0.509933774834437,2025.0
accuracy,0.3549636803874092,0.3549636803874092,0.3549636803874092,0.3549636803874092
macro avg,0.5145772594752187,0.6711111111111111,0.2832954993152355,2065.0
weighted avg,0.9811942763961343,0.3549636803874092,0.5011535995116592,2065.0
