,precision,recall,f1-score,support
False,0.21621621621621623,0.11327433628318584,0.148664343786295,1130.0
True,0.6573187414500684,0.8055322715842415,0.7239171374764595,2386.0
accuracy,0.5830489192263937,0.5830489192263937,0.5830489192263937,0.5830489192263937
macro avg,0.4367674788331423,0.45940330393371365,0.43629074063137724,3516.0
weighted avg,0.5155537091650135,0.5830489192263937,0.5390378266488469,3516.0
