,precision,recall,f1-score,support
False,0.2812041116005874,1.0,0.43896848137535815,383.0
True,1.0,0.579647917561185,0.7338950801848328,2329.0
accuracy,0.6390117994100295,0.6390117994100295,0.6390117994100295,0.6390117994100295
macro avg,0.6406020558002937,0.7898239587805925,0.5864317807800955,2712.0
weighted avg,0.8984886337548028,0.6390117994100295,0.6922443105152057,2712.0
