,precision,recall,f1-score,support
False,0.6954976303317536,0.9317460317460318,0.796472184531886,630.0
True,0.9151873767258383,0.6435506241331485,0.755700325732899,721.0
accuracy,0.7779422649888971,0.7779422649888971,0.7779422649888971,0.7779422649888971
macro avg,0.805342503528796,0.78764832793959,0.7760862551323925,1351.0
weighted avg,0.8127413809980267,0.7779422649888971,0.7747131096287997,1351.0
