,precision,recall,f1-score,support
False,0.03383838383838384,1.0,0.06546165119687349,134.0
True,1.0,0.12348224513172967,0.21982055464926592,4365.0
accuracy,0.1495887975105579,0.1495887975105579,0.1495887975105579,0.1495887975105579
macro avg,0.5169191919191919,0.5617411225658648,0.1426411029230697,4499.0
weighted avg,0.9712234593097007,0.1495887975105579,0.2152230678605083,4499.0
