,precision,recall,f1-score,support
False,0.0,1.0,0.0,0.0
True,1.0,0.6232606983460226,0.7679120168203138,3809.0
accuracy,0.6232606983460226,0.6232606983460226,0.6232606983460226,0.6232606983460226
macro avg,0.5,0.8116303491730112,0.3839560084101569,3809.0
weighted avg,1.0,0.6232606983460226,0.7679120168203138,3809.0
