,precision,recall,f1-score,support
False,0.13354363827549948,1.0,0.23562152133580705,254.0
True,1.0,0.5130023640661938,0.678125,3384.0
accuracy,0.5470038482682793,0.5470038482682793,0.5470038482682793,0.5470038482682793
macro avg,0.5667718191377498,0.7565011820330969,0.4568732606679035,3638.0
weighted avg,0.9395052457729458,0.5470038482682792,0.6472300347496688,3638.0
