,precision,recall,f1-score,support
False,0.4381543233811555,1.0,0.6093286600161769,1130.0
True,1.0,0.39270746018440905,0.563948239542582,2386.0
accuracy,0.5878839590443686,0.5878839590443686,0.5878839590443686,0.5878839590443686
macro avg,0.7190771616905778,0.6963537300922045,0.5866384497793795,3516.0
weighted avg,0.8194295749205648,0.5878839590443686,0.5785329594331288,3516.0
