,precision,recall,f1-score,support
False,0.47238252267106345,1.0,0.6416573348264277,3438.0
True,1.0,0.7769516728624535,0.8744769874476988,17216.0
accuracy,0.8140795971724606,0.8140795971724606,0.8140795971724606,0.8140795971724606
macro avg,0.7361912613355317,0.8884758364312267,0.7580671611370633,20654.0
weighted avg,0.9121744510963067,0.8140795971724606,0.8357225589732178,20654.0
