,precision,recall,f1-score,support
False,0.3106469002695418,1.0,0.47403598971722366,461.0
True,1.0,0.11351819757365685,0.2038910505836576,1154.0
accuracy,0.36656346749226004,0.36656346749226004,0.36656346749226004,0.36656346749226004
macro avg,0.6553234501347709,0.5567590987868284,0.3389635201504406,1615.0
weighted avg,0.8032249046589838,0.36656346749226004,0.28100363073261986,1615.0
