,precision,recall,f1-score,support
False,0.19241192411924118,0.36597938144329895,0.2522202486678508,194.0
True,0.9423347398030942,0.8708838821490468,0.9052015311866697,2308.0
accuracy,0.8317346123101519,0.8317346123101519,0.8317346123101519,0.8317346123101519
macro avg,0.5673733319611677,0.6184316317961729,0.5787108899272603,2502.0
weighted avg,0.8841872473000296,0.8317346123101519,0.8545706883374886,2502.0
