,precision,recall,f1-score,support
False,0.3107936507936508,0.8663716814159292,0.4574766355140186,1130.0
True,0.587431693989071,0.09010896898575022,0.15625,2386.0
accuracy,0.3395904436860068,0.3395904436860068,0.3395904436860068,0.3395904436860068
macro avg,0.4491126723913609,0.4782403252008397,0.3068633177570093,3516.0
weighted avg,0.4985235629279718,0.3395904436860068,0.25306060811457365,3516.0
